ProbeName,P-value,FDR,Fold Change,Regulation,type,seqname,GeneSymbol,source,RNAlength,chrom,strand,txStart,txEnd,Sequence,EntrezID,Unigene,GOaccession,description,group-Multidrug-sensitivity(raw),group-Multidrug-resistance(raw),group-Multidrug-sensitivity(normalized),group-Multidrug-resistance(normalized),"[ESCC-6, Multidrug-sensitivity](raw)","[ESCC-8, Multidrug-sensitivity](raw)","[ESCC-10, Multidrug-resistance](raw)","[ESCC-4, Multidrug-resistance](raw)","[ESCC-5, Multidrug-resistance](raw)","[ESCC-6, Multidrug-sensitivity](normalized)","[ESCC-8, Multidrug-sensitivity](normalized)","[ESCC-10, Multidrug-resistance](normalized)","[ESCC-4, Multidrug-resistance](normalized)","[ESCC-5, Multidrug-resistance](normalized)"
ASHGV40020980,0.026495288,0.949757248,2.0379813,up,protein_coding,NM_144679,ENTHD2,RefSeq,2308,chr17,-,79202076,79212891,GAAAAACCTTCCAAGAGCGCTGGGGTTTATGCTTTCTGAATAAACACTACTGTTTACATG,146705,Hs.631761,GO:0005829|GO:0016023,ENTH domain containing 2,13336.038,7111.612633,13.673217,12.646076,16610.246,10061.83,7272.5527,7575.4478,6486.8374,13.944712,13.401721,12.627721,12.854772,12.455734
ASHGV40014780,0.016950101,0.949757248,2.0198861,up,protein_coding,ENST00000399910,C14orf164,GENCODE,1670,chr14,+,23654524,23742614,TGCACCACCAAAATAAGGGAATAAGTAAAGGAGGAAGAAGACCCTGAGTTCAGGAATAAG,100507650,,GO:0008270,ring finger protein 212B,9.294577,5.328394,3.370302,2.356028,9.488312,9.100841,4.9999995,5.9851823,4.9999995,3.0921454,3.6484587,2.3299296,2.409107,2.3290477
ASHGV40019897,0.020646022,0.949757248,314.4559739,up,protein_coding,ENST00000284110,HS3ST3A1,GENCODE,2527,chr17,-,13399005,13505244,CCAGATGACCGGGCACGACTTTGGCTGGGATGGATAACCATATAATTTAAAAAGAAAAAA,9955,Hs.462270,GO:0000139|GO:0005975|GO:0006024|GO:0008146|GO:0016021|GO:0030203|GO:0033872|GO:0044281,heparan sulfate-glucosamine 3-sulfotransferase 3A1,4212.8126,41.141293,12.053242,3.756528,3894.7185,4530.9067,4.9999995,113.42388,4.9999995,11.843628,12.262856,2.3299296,6.610606,2.3290477
ASHGV40004982,0.038412465,0.949757248,2.108266,up,protein_coding,uc021pzm.1,PRLHR,UCSC_knowngene,1113,chr10,-,120353643,120354756,GCTTGGCCCCGCAAGATAGCCCCCCATGGCCAGAATATGACCGTCAGCGTGGTCATCTGA,2834,Hs.248119,GO:0004930|GO:0004983|GO:0005515|GO:0005886|GO:0005887|GO:0007186|GO:0007218|GO:0007218|GO:0007565|GO:0007631|GO:0008188|GO:0042445,prolactin releasing hormone receptor,659.162625,348.54206,9.390877,8.31482,588.97815,729.3471,294.6242,362.2958,388.70618,9.079216,9.7025385,8.035629,8.350059,8.558773
ASHGV40030223,0.047355029,0.949757248,31.2094032,up,protein_coding,NM_004591,CCL20,RefSeq,851,chr2,+,228678557,228682280,TAAATTTATTGTGGGCTTCACACGGCAGCTGGCCAATGAAGGCTGTGACATCAATGCTAT,6364,Hs.75498,GO:0002548|GO:0005515|GO:0005576|GO:0005615|GO:0006935|GO:0006954|GO:0006955|GO:0007165|GO:0007186|GO:0007267|GO:0008009|GO:0030593|GO:0042060|GO:0042742|GO:0043547|GO:0048020|GO:0048247|GO:0050726|GO:0051770|GO:0070098|GO:0070374|GO:0071222|GO:0071223|GO:0071346|GO:0071347|GO:0071356|GO:2000406,chemokine (C-C motif) ligand 20,1243.290595,23.149598,9.350856,4.386947,187.22519,2299.356,31.991022,16.3332,21.124573,7.3974724,11.304239,4.9347696,3.7275233,4.4985476
ASHGV40013890,0.043206742,0.949757248,7.615197,up,protein_coding,NM_002515,NOVA1,RefSeq,3918,chr14,-,26915088,27066960,TATTAGTTCTAGATAACACTAAATTAACTACTGTTAGGTTGAGTATGGTGGGGTCAGTGA,4857,Hs.31588,GO:0000398|GO:0003723|GO:0003729|GO:0005634|GO:0005730|GO:0006396|GO:0007268|GO:0007626|GO:0008380|GO:0043231|GO:0044822|GO:0051252,neuro-oncological ventral antigen 1,71.115635,7.128667,5.670865,2.741984,124.66252,17.56875,8.106122,6.8644657,6.415412,6.802532,4.539198,3.0280347,2.487399,2.7105172
ASHGV40023035,0.026493651,0.949757248,2.0121423,up,protein_coding,NM_001071,TYMS,RefSeq,1603,chr18,+,657603,673499,TTGACACCATCAAAACCAACCCTGACGACAGAAGAATCATCATGTGCGCTTGGAATCCAA,7298,Hs.369762,GO:0000082|GO:0000083|GO:0000166|GO:0000278|GO:0003729|GO:0004799|GO:0005542|GO:0005634|GO:0005654|GO:0005730|GO:0005737|GO:0005739|GO:0005743|GO:0005759|GO:0005829|GO:0006139|GO:0006206|GO:0006231|GO:0006235|GO:0007568|GO:0007623|GO:0008144|GO:0009157|GO:0009636|GO:0019088|GO:0019860|GO:0031100|GO:0032259|GO:0032570|GO:0033189|GO:0034097|GO:0042493|GO:0042803|GO:0044281|GO:0045471|GO:0046078|GO:0046134|GO:0046653|GO:0046683|GO:0048037|GO:0048589|GO:0051216|GO:0051384|GO:0051593|GO:0055086|GO:0060574,thymidylate synthetase,20702.6005,11527.802,14.340759,13.332027,19143.062,22262.139,13171.883,8411.02,13000.503,14.152437,14.529081,13.529087,13.021049,13.445944
ASHGV40028865,0.048372338,0.949757248,2.2446977,up,protein_coding,NM_002954,RPS27A,RefSeq,1068,chr2,+,55459540,55462989,CAACCACTTGTAAAGGTCTTGATATTTTCAATTCTTAGACTACCTATACTTTGGCAGAAG,6233,Hs.311640,GO:0000082|GO:0000086|GO:0000122|GO:0000184|GO:0000187|GO:0000209|GO:0000278|GO:0002223|GO:0002224|GO:0002474|GO:0002479|GO:0002755|GO:0002756|GO:0003735|GO:0005515|GO:0005615|GO:0005634|GO:0005654|GO:0005730|GO:0005737|GO:0005829|GO:0005886|GO:0005975|GO:0005978|GO:0006006|GO:0006281|GO:0006351|GO:0006367|GO:0006412|GO:0006412|GO:0006413|GO:0006414|GO:0006415|GO:0006614|GO:0006915|GO:0006977|GO:0007173|GO:0007179|GO:0007219|GO:0007220|GO:0007249|GO:0007254|GO:0007623|GO:0008543|GO:0010008|GO:0010467|GO:0010939|GO:0012501|GO:0015935|GO:0016020|GO:0016032|GO:0016197|GO:0019058|GO:0019068|GO:0019082|GO:0019083|GO:0019221|GO:0019985|GO:0022627|GO:0030512|GO:0030666|GO:0031145|GO:0032479|GO:0032480|GO:0032481|GO:0034134|GO:0034138|GO:0034142|GO:0034146|GO:0034162|GO:0034166|GO:0034220|GO:0035666|GO:0035872|GO:0038095|GO:0038123|GO:0038124|GO:0042059|GO:0042276|GO:0042590|GO:0042769|GO:0042981|GO:0043065|GO:0043066|GO:0043123|GO:0044267|GO:0044281|GO:0044822|GO:0045087|GO:0045944|GO:0046872|GO:0048011|GO:0050852|GO:0051092|GO:0051403|GO:0051436|GO:0051437|GO:0051439|GO:0055085|GO:0061024|GO:0061418|GO:0070062|GO:0070266|GO:0070423|GO:0070987|GO:0071456|GO:0075733|GO:0090090|GO:0090263|GO:0097190|GO:0097300,ribosomal protein S27a,2445.27875,1244.709967,11.257119,10.090597,2929.0852,1961.4723,872.0198,1476.9988,1385.1113,11.438906,11.075331,9.576874,10.413908,10.28101
ASHGV40018649,0.012972513,0.949757248,2.9100617,up,protein_coding,NM_032349,NUDT16L1,RefSeq,1367,chr16,+,4743693,4745860,CTGGAGCAGCTGCACGCCGTGGAGATCAGCGCGGTGCACTCGCGCGACCACGGCCTGGAG,84309,Hs.513315,GO:0005515|GO:0005737|GO:0008152|GO:0030515|GO:0042803|GO:0044822|GO:0050072|GO:0050072,nudix hydrolase 16 like 1,16.29851,6.847904,4.154783,2.613733,17.015442,15.581579,4.9999995,9.905514,5.6381984,3.9354486,4.374117,2.3299296,2.9618073,2.5494623
ASHGV40039123,0.011227589,0.949757248,7.6495621,up,protein_coding,NM_032717,GPAT3,RefSeq,2727,chr4,+,84457469,84527027,TTTGGAACAGTAGTAAATACAACATGGTGAGCTACCTGCTTCGAATGATGACCAGCTGGG,84803,Hs.99196,GO:0003841|GO:0004366|GO:0005783|GO:0005789|GO:0005789|GO:0006644|GO:0006654|GO:0016021|GO:0016024|GO:0019432|GO:0019432|GO:0019432|GO:0032006|GO:0044255|GO:0044281|GO:0046474,glycerol-3-phosphate acyltransferase 3,5851.573,765.26211,12.357522,9.422145,8564.236,3138.91,870.73413,875.314,549.7382,12.974426,11.740619,9.572943,9.656941,9.036552
ASHGV40036535,0.048449897,0.949757248,2.5941466,up,protein_coding,NM_152395,NUDT16,RefSeq,6117,chr3,+,131100608,131107674,ACGGGCTGAACCGCGAGCTGCGCGAGGAGCTGGGCGAAGCGGCTGCCGCTTTCCGCGTGG,131870,Hs.282050,GO:0000287|GO:0003729|GO:0005525|GO:0005634|GO:0005654|GO:0005730|GO:0005737|GO:0006382|GO:0006402|GO:0006470|GO:0006508|GO:0008235|GO:0008284|GO:0016077|GO:0030145|GO:0030515|GO:0034656|GO:0035863|GO:0035870|GO:0042803|GO:0044281|GO:0046709|GO:0050072|GO:0050897|GO:0055086|GO:0090068|GO:0090450|GO:0097383|GO:0098519|GO:1901639|GO:1901640|GO:1901641|GO:2000233|GO:2000781,nudix hydrolase 16,484.84076,210.35411,8.9281,7.552839,622.01996,347.66156,155.94063,190.03305,285.08865,9.154263,8.701936,7.1287394,7.388646,8.141133
ASHGV40026528,0.002447296,0.823910706,2.7075306,up,protein_coding,ENST00000379677,AC074091.13,GENCODE,2860,chr2,-,27928652,27938599,TTTGCACGGTGTGTTCCGGGCTTCAGCATGTTTCTACATATTTTAATGTGAGTTTAGGAG,,,,,12.38532,5,3.764271,2.327294,13.235749,11.53489,4.9999995,4.9999995,4.9999995,3.5620968,3.9664457,2.3299296,2.3229036,2.3290477
ASHGV40047895,0.026229766,0.949757248,2.133874,up,protein_coding,NM_018697,LANCL2,RefSeq,4353,chr7,+,55433140,55501435,GGGACCAGAGACATCACGGTTTCCAGCATTTGAACTTGACTCTTCGAAGAGGGATTAAAA,55915,Hs.706612,GO:0003824|GO:0005515|GO:0005524|GO:0005525|GO:0005634|GO:0005737|GO:0005829|GO:0005886|GO:0008152|GO:0009789|GO:0010314|GO:0030864|GO:0032266|GO:0045892|GO:0070273,LanC like 2,8497.77625,4498.520467,13.05462,11.961145,8846.636,8148.9165,3618.262,5195.776,4681.5234,13.015025,13.094215,11.600803,12.311622,11.97101
ASHGV40011920,0.029546196,0.949757248,2.1654375,up,protein_coding,NM_001093771,TXNRD1,RefSeq,3869,chr12,+,104609556,104744085,AAATGCTGGAGAAGTTACACAAGGCTTTGCAGCTGCGCTCAAATGTGGACTGACCAAAAA,7296,Hs.654922,GO:0000302|GO:0001707|GO:0004791|GO:0005515|GO:0005654|GO:0005730|GO:0005739|GO:0005829|GO:0006367|GO:0007165|GO:0008283|GO:0009055|GO:0010467|GO:0015035|GO:0015949|GO:0044255|GO:0044281|GO:0045454|GO:0050660|GO:0055086|GO:0055114|GO:0070062,thioredoxin reductase 1,4303.92605,2332.339767,12.087476,10.972817,4336.1016,4271.7505,2374.2668,1656.3724,2966.3801,12.001799,12.173152,11.002153,10.587159,11.329139
ASHGV40031355,0.016359898,0.949757248,2.1216353,up,protein_coding,NM_178477,BANF2,RefSeq,629,chr20,+,17680592,17716517,GTAGACACAAACCTCATTGCTGCCCCCCACCACCCTCTGGGGAAAATGACGCCTTCTCCA,140836,Hs.115366,GO:0003677|GO:0005634|GO:0005737,barrier to autointegration factor 2,24559.1935,12501.11833,14.584501,13.499324,23796.043,25322.344,12038.79,13705.278,11759.287,14.446093,14.722909,13.403712,13.797407,13.296854
ASHGV40056290,0.000404502,0.538998418,145.4167251,up,protein_coding,NM_001243722,TP53TG3D,RefSeq,1430,chr16,+,32264644,32267249,GTAAAGAATGGAACATTTAAGACAAGTCTGGAAAGTCATCTGCCTTTAATAACTGTCGTT,729264,Hs.513537,GO:0005634|GO:0005737,TP53 target 3D,760.198525,5.460381,9.548797,2.364748,560.18805,960.209,4.9999995,6.3811445,4.9999995,9.002436,10.095159,2.3299296,2.435267,2.3290477
ASHGV40025961,0.047053855,0.949757248,2.050469,up,protein_coding,NM_014385,SIGLEC7,RefSeq,1769,chr19,+,51645557,51656783,GCGGACGTGGGAGACATAGGCATGAAGGATGCAAACACCATCAGGGGCTCAGCCTCTCAG,27036,Hs.655393,GO:0004872|GO:0005887|GO:0007155|GO:0030246,sialic acid binding Ig-like lectin 7,14.79458,8.432552,4.012952,2.976999,16.19689,13.392269,9.594617,7.1307144,8.572326,3.8552248,4.17068,3.2686155,2.5264497,3.1359303
ASHGV40048574,0.024674389,0.949757248,5.8833735,up,protein_coding,NM_001190487,MTRNR2L6,RefSeq,1395,chr7,+,142374130,142375525,CGAGCAACCTATGCTAAGACTAAACAAGTTTAAGCGAATTACTATACATATATTGACCCA,100463482,Hs.727419,GO:0005576|GO:0005737,MT-RNR2-like 6,47.229471,9.443812,5.638447,3.081803,57.802814,36.656128,15.569482,4.9999995,7.761953,5.689376,5.587518,3.944272,2.3229036,2.9782345
ASHGV40028629,0.027896822,0.949757248,2.7867395,up,protein_coding,NM_033505,EPT1,RefSeq,8143,chr2,+,26568953,26618759,CTCCTGTATACATTAACAACTGCTTTTACTCTGGCCCACATCCATTATGGAGTACGAGTG,85465,Hs.189073,GO:0004307|GO:0005789|GO:0006644|GO:0006646|GO:0006646|GO:0006646|GO:0016021|GO:0044281|GO:0046474|GO:0046872|GO:1903955,ethanolaminephosphotransferase 1,1330.224385,499.94823,10.312155,8.833577,1838.0203,822.42847,438.79285,577.6296,483.42224,10.755519,9.868792,8.602826,9.042182,8.855724
ASHGV40043268,0.01701112,0.949757248,2.0322337,up,protein_coding,NM_021184,C6orf47,RefSeq,2475,chr6,-,31626074,31628549,TATGATGGTGGTGAATAAAGACCAAAGGGTCCTCTCTACCTTTGAAAACTCTCCTGGGGT,57827,Hs.247323,GO:0005737,chromosome 6 open reading frame 47,2138.8666,1192.722983,11.070436,10.04737,2515.8882,1761.845,1251.6245,958.58795,1367.9565,11.212741,10.928132,10.087041,9.783299,10.2717705
ASHGV40008893,0.008586386,0.949757248,2.0077142,up,protein_coding,NM_006189,OMP,RefSeq,492,chr11,+,76813885,76814377,TTTGGCGAGGGTGTGGAGCCCGCCAACCTCAAGGCCTCCGTGGTTTTTAACCAGCTCTGA,4975,Hs.673853,GO:0004871|GO:0005634|GO:0005737|GO:0007165|GO:0007268|GO:0007608|GO:0022008|GO:0030424|GO:0043025,olfactory marker protein,368.997055,206.618487,8.588358,7.582804,368.13394,369.86017,204.03903,213.76205,202.05438,8.386298,8.790417,7.5072465,7.5680175,7.6731467
ASHGV40057213,0.024259819,0.949757248,3.8601475,up,protein_coding,NM_005345,HSPA1A,RefSeq,2445,chr6,+,31783290,31785719,CGGTCCGGATAACGGCTAGCCTGAGGAGCTGCTGCGACAGTCCACTACCTTTTTCGAGAG,3303,Hs.274402,GO:0000151|GO:0001618|GO:0001664|GO:0005102|GO:0005515|GO:0005524|GO:0005737|GO:0005814|GO:0005829|GO:0005925|GO:0010628|GO:0010941|GO:0016234|GO:0016887|GO:0019899|GO:0031072|GO:0031397|GO:0031439|GO:0031625|GO:0032757|GO:0034599|GO:0034605|GO:0042026|GO:0042623|GO:0044183|GO:0046034|GO:0046718|GO:0048471|GO:0050821|GO:0050821|GO:0051082|GO:0051082|GO:0051092|GO:0055131|GO:0060548|GO:0060548|GO:0070370|GO:0070434|GO:0072562|GO:0090084|GO:1901029|GO:1902236|GO:1902380|GO:1903265|GO:1903896|GO:2001240,heat shock protein family A (Hsp70) member 1A,218.6425,62.479233,7.795892,5.847236,165.60638,271.67862,58.64285,80.84073,47.95412,7.2193103,8.372474,5.7617307,6.1023974,5.6775804
ASHGV40018989,0.010180966,0.949757248,7.3918441,up,protein_coding,ENST00000569741,TP53TG3B,GENCODE,1116,chr16,+,33262119,33264029,GGCTCCCTTGGAAAATACTTTAATATCTCTTTTTAAATACCCCCTTGGACCACTTTTAAT,729355,Hs.592038,GO:0005634|GO:0005737,TP53 target 3B,146.14485,21.517981,7.215929,4.329994,116.55998,175.72972,16.254938,22.248291,26.050713,6.695609,7.736248,4.0007505,4.189577,4.799655
ASHGV40060872,0.007691859,0.949757248,8.1922418,up,protein_coding,uc010mmv.3,ANKRD20A3,UCSC_knowngene,3961,chr9,+,42368302,42411863,ACTTGAATGTTGCTACTAAGTGTGTCCCCGAGAAAGTGTCAGAGCCTTTACCTGGATCTT,441425,Hs.632663,,ankyrin repeat domain 20 family member A3,1204.13095,171.228387,10.252128,7.21787,1439.9854,968.2765,215.2529,212.66089,85.77137,10.397345,10.106912,7.587799,7.561645,6.5041666
ASHGV40016697,0.045747327,0.949757248,2.5588653,up,protein_coding,NM_002220,ITPKA,RefSeq,1864,chr15,+,41786055,41795757,TTCAAGACTACGCGAAGCCGAGAGCAGGTGCTTCGCGTCTTTGAAGAGTTTGTGCAAGGA,3706,Hs.2722,GO:0004683|GO:0005516|GO:0005524|GO:0005829|GO:0006020|GO:0006468|GO:0007165|GO:0008440|GO:0030036|GO:0043197|GO:0043647|GO:0044281|GO:0048167|GO:0048365|GO:0061003|GO:0097062,inositol-trisphosphate 3-kinase A,46.72776,20.991376,5.63944,4.283936,54.03094,39.42458,17.18458,17.950666,27.838882,5.5909276,5.687952,4.0814486,3.8649182,4.90544
ASHGV40042663,0.02532957,0.949757248,5.2614023,up,protein_coding,NM_000816,GABRG2,RefSeq,3933,chr5,+,161494647,161582545,TCCTATCCTGGGTGTCTTTCTGGATCAATAAGGATGCTGTTCCAGCCAGAACATCTTTAG,2566,Hs.7195,GO:0004890|GO:0004890|GO:0005237|GO:0005254|GO:0005254|GO:0005515|GO:0005886|GO:0005887|GO:0006810|GO:0007214|GO:0007268|GO:0007268|GO:0008503|GO:0009791|GO:0030054|GO:0030424|GO:0030534|GO:0032590|GO:0034220|GO:0034707|GO:0042391|GO:0042493|GO:0043005|GO:0045202|GO:0045211|GO:0050877|GO:0051932|GO:0055085|GO:0071420|GO:1902476|GO:1902476|GO:1902711|GO:1902711,"gamma-aminobutyric acid (GABA) A receptor, gamma 2",68.884163,15.010903,6.146469,3.751021,52.41008,85.358246,9.285388,22.24366,13.50366,5.546302,6.7466354,3.2257206,4.189361,3.8379824
ASHGV40026823,0.006616592,0.949757248,2.294118,up,protein_coding,NM_198276,TMEM17,RefSeq,1925,chr2,-,62727355,62733604,GACCATGTTTCTTGACATGGAAATACCAGTCAGTGTTCCTATGTATTTGTCTATATTTGT,200728,Hs.308028,GO:0007224|GO:0016021|GO:0035869|GO:0036038|GO:0042384|GO:0060170,transmembrane protein 17,2752.8442,1369.576233,11.44795,10.250011,2896.1294,2609.559,1158.327,1410.2318,1540.1699,11.418144,11.4777565,9.980792,10.348606,10.420634
ASHGV40018657,0.007482102,0.949757248,3.1671723,up,protein_coding,NM_019109,ALG1,RefSeq,3946,chr16,+,5121809,5137380,AGGGAGTATTATAGCCGCCTCATCCACCAGAAGCACTTCCAGCACATCCAGGTCTGCACC,56052,Hs.592086,GO:0000030|GO:0004578|GO:0005783|GO:0005789|GO:0006486|GO:0006488|GO:0009103|GO:0016020|GO:0016021|GO:0018279|GO:0043687|GO:0044267|GO:0097502|GO:0097502,"ALG1, chitobiosyldiphosphodolichol beta-mannosyltransferase",5026.0091,1754.486467,12.278103,10.614908,6161.193,3890.8252,1681.1757,2023.6288,1558.6549,12.518,12.038206,10.506816,10.898123,10.439784
ASHGV40026960,0.002746757,0.835054634,2.4238287,up,protein_coding,NM_181575,AUP1,RefSeq,1660,chr2,-,74753774,74757024,ACAGAGAGACGAGCCCAGGAGGCTGACTGAGCTCAAAGGAACAGGATGGCACCCAGAGCC,550,Hs.411480,GO:0005515|GO:0005789|GO:0016020|GO:0016021|GO:0030970|GO:0070062,ancient ubiquitous protein 1,24600.435,10761.08233,14.543861,13.266573,29107.33,20093.54,11086.327,9608.235,11588.685,14.7291765,14.358545,13.284752,13.238137,13.27683
ASHGV40057768,0.025834871,0.949757248,3.2552124,up,protein_coding,ENST00000398992,OOSP1,GENCODE,369,chr11,+,59705927,59712807,TTGCCAGGATTAAACCCACGATATTTTACAATTTGTATGTGAACCCCGATGAAGTGTTTC,255649,Hs.722773,GO:0005576,"oocyte secreted protein 1, pseudogene",18.704688,6.817602,4.352749,2.649997,18.37634,19.033037,9.006667,6.446139,4.9999995,4.049354,4.656143,3.1811726,2.4397702,2.3290477
ASHGV40019937,0.01306077,0.949757248,2.4012292,up,protein_coding,NM_001113567,LRRC75A,RefSeq,2831,chr17,-,16345318,16395505,AACCTGGTGGACCCCATCACACACGACCTCATCATCAGCCTGGCACGCTACATCCACTGT,388341,Hs.25425,,leucine rich repeat containing 75A,393.45213,178.983303,8.632853,7.369079,507.75256,279.1517,164.20367,222.40533,150.34091,8.857672,8.408033,7.2042556,7.6279726,7.27501
ASHGV40008452,0.029030485,0.949757248,2.1881445,up,protein_coding,NM_015959,TMX2,RefSeq,1741,chr11,+,57479994,57508445,ACTGTACAGGGCTAAATTTTGGGAAGGTGGATGTTGGACGCTATACTGATGTTAGTACGC,51075,Hs.654965,GO:0003674|GO:0005575|GO:0005623|GO:0008150|GO:0016021|GO:0045454,thioredoxin-related transmembrane protein 2,9872.5505,5144.478633,13.282733,12.153025,10322.192,9422.909,3889.3232,5478.0547,6066.058,13.2563,13.309166,11.71102,12.392613,12.355442
ASHGV40026669,0.031097878,0.949757248,2.0002693,up,protein_coding,NM_022065,THADA,RefSeq,6134,chr2,-,43457974,43823185,GAAAAAGCAGAAGTCAACTTTTGGGCCGAGACCCTGATCTTTGTGAAATACCTCTGCAAG,63892,Hs.369592,GO:0005515,thyroid adenoma associated,1886.2474,1040.642647,10.863046,9.862852,2404.9172,1367.5776,1081.496,1168.0166,872.41534,11.142008,10.5840845,9.876438,10.065829,9.646289
ASHGV40037935,0.017920646,0.949757248,4.8226525,up,protein_coding,NM_024574,NDNF,RefSeq,2911,chr4,-,121956781,121993673,AATATGCCATTCATTGCACACACCCACAAATGCAAATCATTCCTCTCTGTAGATGCTAGG,79625,Hs.709520,GO:0001764|GO:0005539|GO:0005576|GO:0005578|GO:0008201|GO:0010811|GO:0010976|GO:0016049|GO:0019800|GO:0030198|GO:0031012|GO:0043524,neuron-derived neurotrophic factor,125.889488,28.297722,6.929821,4.659994,178.55664,73.222336,18.152052,43.387974,23.35314,7.3223667,6.537275,4.156945,5.177642,4.645395
ASHGV40019999,0.001514085,0.724237295,26.7028594,up,protein_coding,NM_000691,ALDH3A1,RefSeq,1794,chr17,-,19641297,19651746,TCCTCTGCTGACCTGCTGACCTGTGCACACCCCACTCCCACATGGGCCCAGGCCTCACCA,218,Hs.531682,GO:0001666|GO:0004028|GO:0004029|GO:0004030|GO:0005615|GO:0005654|GO:0005737|GO:0005783|GO:0005829|GO:0005886|GO:0006081|GO:0007568|GO:0007584|GO:0008106|GO:0008284|GO:0018479|GO:0042493|GO:0043231|GO:0051384|GO:0051591|GO:0055114,aldehyde dehydrogenase 3 family member A1,83815.947,3392.903467,16.295804,11.556882,111387.98,56243.914,3974.6619,3644.5835,2559.465,16.723696,15.867912,11.739974,11.800505,11.130166
ASHGV40003157,0.046063932,0.949757248,2.0015493,up,protein_coding,NM_001199104,NT5C1B-RDH14,RefSeq,2982,chr2,-,18735988,18770846,GGGCACAGAGGAAGAGCCTAGGCTGGATGTCTTGATCAATAACGCAGGGATCTTCCAGTG,100526794,,,NT5C1B-RDH14 readthrough,1324.72595,751.0841,10.380356,9.379238,1592.965,1056.4869,1028.7996,626.6269,597.8258,10.536371,10.22434,9.814537,9.17469,9.148488
ASHGV40010176,0.012166992,0.949757248,65.6450816,up,protein_coding,NM_007191,WIF1,RefSeq,2240,chr12,-,65444403,65515346,TCCAATTACATCTGGTGAACTCCGACATCTGAAACGTTTTAAGTTACACCAAGTTCATAG,11197,Hs.284122,GO:0005515|GO:0005576|GO:0007165|GO:0007275|GO:0016055|GO:0045600|GO:0090090,WNT inhibitory factor 1,539.714327,5,8.363909,2.327294,985.76685,93.661804,4.9999995,4.9999995,4.9999995,9.851414,6.8764033,2.3299296,2.3229036,2.3290477
ASHGV40021076,0.020735475,0.949757248,2.9041875,up,protein_coding,NM_018146,RNMTL1,RefSeq,1815,chr17,+,685512,695741,CACCTGGGAAGAGTCTGGGCTTCGCTACGATAAAGCTTATCCCGGGGACAGGAGGCTGAG,55178,Hs.182729,GO:0001510|GO:0005515|GO:0005739|GO:0006364|GO:0008173|GO:0044822,RNA methyltransferase like 1,570.975315,223.716343,9.201588,7.663454,579.7906,562.16003,167.14842,229.01953,274.98108,9.04991,9.353267,7.2236767,7.673322,8.093363
ASHGV40003127,0.015010345,0.949757248,2.1456851,up,protein_coding,NM_001145196,SPATA31A6,RefSeq,4214,chr9,-,43624501,43630730,ACTTCCATTGTGATGACCCACCCTCACCATCGCCTGGGAAGAGAAAGTGTCCAGTAGGGC,389730,Hs.455299,GO:0007283|GO:0016021|GO:0030154,"SPATA31 subfamily A, member 6",613.6594,321.698763,9.299172,8.197734,659.561,567.7578,306.72162,405.6863,252.68837,9.233936,9.3644085,8.089261,8.521565,7.9823756
ASHGV40002287,0.034840226,0.949757248,2.2179658,up,protein_coding,ENST00000564543,RP11-20I23.1,GENCODE,1944,chr16,+,2546032,2570219,AAGCAGAAGGGCATCACCGTGAAGCAGAAGAGCCCTGGGCGCTGCCTATGGCACAGCCAA,,,,,39.944704,20.663227,5.43609,4.286853,39.318226,40.571182,17.626099,21.154066,23.209515,5.1449885,5.7271924,4.1156907,4.1094465,4.6354227
ASHGV40025232,0.048670486,0.949757248,2.1709034,up,protein_coding,NM_198545,DRAXIN,RefSeq,1773,chr1,+,11751780,11780336,GCACACCCCACAACCGAGGCCTCAACAACAAATGCTTCGATGACTGCATGTGTGTGGAAG,374946,Hs.632364,GO:0005576|GO:0007411|GO:0016055|GO:0021516|GO:0021528|GO:0030517|GO:0030900|GO:0043524|GO:0090090,dorsal inhibitory axon guidance protein,40.446741,21.393947,5.379056,4.260761,53.32981,27.563671,20.521301,30.441349,13.219191,5.5708175,5.187295,4.327106,4.6487145,3.8064616
ASHGV40054214,0.033137382,0.949757248,8.4085416,up,protein_coding,NM_004538,NAP1L3,RefSeq,2761,chrX,-,92925924,92928682,GATACCGTGTTTTCTTTGTATTGTGTTCTACCTTCCCTTTCACTGAAAATGATCACTTCA,4675,Hs.21365,GO:0005634|GO:0006334,nucleosome assembly protein 1-like 3,370.30587,45.121202,8.380495,5.308639,194.36009,546.25165,28.924974,72.76971,33.668922,7.4472136,9.313776,4.802928,5.943099,5.1798906
ASHGV40032588,0.039930166,0.949757248,2.1745328,up,protein_coding,NM_058187,EVA1C,RefSeq,1965,chr21,+,33784744,33887710,GGAGAGAGCTGCCCTGCTGTTCGTGTCCAGTGTCTGCATCGGCCTGGCCCTCACACTGTG,59271,Hs.208358,GO:0016021|GO:0030246,eva-1 homolog C (C. elegans),1053.83245,554.984457,10.078164,8.957459,1160.2781,947.3868,404.39258,703.38556,557.17523,10.082224,10.074105,8.486132,9.33308,9.053165
ASHGV40029727,0.028004532,0.949757248,7.8530916,up,protein_coding,NM_021007,SCN2A,RefSeq,8876,chr2,+,166150340,166248820,GAGAATGTGTGCTGAAACTGATCTCTCTTCGTTACTACTATTTCACTATTGGATGGAATA,6326,Hs.93485,GO:0001518|GO:0005248|GO:0005622|GO:0005886|GO:0005887|GO:0006814|GO:0008627|GO:0014704|GO:0019228|GO:0030315|GO:0030424|GO:0031226|GO:0033268|GO:0033270|GO:0034706|GO:0034765|GO:0035725|GO:0035725|GO:0042552|GO:0051402|GO:0086010,"sodium channel, voltage gated, type II alpha subunit",52.195597,8.802622,5.771127,2.797866,40.712925,63.67827,4.9999995,16.407867,4.9999995,5.1912184,6.3510346,2.3299296,3.73462,2.3290477
ASHGV40007721,0.044893869,0.949757248,2.2464911,up,protein_coding,NM_001382,DPAGT1,RefSeq,2150,chr11,-,118967212,118972785,GACTCTTCTATGATGTCTGAGTCCCTTGATCATTGTCCTTTACCTCACAGTCTCTAGGAT,1798,Hs.524081,GO:0003975|GO:0003975|GO:0005789|GO:0005789|GO:0005789|GO:0006047|GO:0006487|GO:0006488|GO:0008963|GO:0016020|GO:0016021|GO:0016757|GO:0018279|GO:0019408|GO:0030176|GO:0030176|GO:0043231|GO:0043687|GO:0044267|GO:0051259,dolichyl-phosphate (UDP-N-acetylglucosamine) N-acetylglucosaminephosphotransferase 1 (GlcNAc-1-P transferase),8996.91215,4477.3089,13.097015,11.929342,11213.63,6780.1943,3720.022,3572.9697,6138.935,13.362574,12.831456,11.642913,11.772611,12.372501
ASHGV40018077,0.001967073,0.780760518,2.5284677,up,protein_coding,NM_018231,SLC38A7,RefSeq,4065,chr16,-,58699012,58718681,AGCCTTCATCTTCGGCCAGACCACAGCCAACGCCATCTTTGTGGATCTCTTGGCATAACC,55238,Hs.10499,GO:0003333|GO:0005290|GO:0005313|GO:0005515|GO:0006814|GO:0006867|GO:0006868|GO:0015179|GO:0015180|GO:0015182|GO:0015183|GO:0015186|GO:0015186|GO:0015190|GO:0015191|GO:0015194|GO:0015803|GO:0015808|GO:0015810|GO:0015813|GO:0015817|GO:0015821|GO:0015825|GO:0016021|GO:0030424|GO:0043025|GO:0089709|GO:0089711|GO:0089712,solute carrier family 38 member 7,516.40589,227.89422,9.054396,7.716133,597.3762,435.43558,255.89282,207.50412,220.28572,9.09919,9.009602,7.8301263,7.5220337,7.796238
ASHGV40042684,0.006312142,0.949757248,17.299201,up,protein_coding,ENST00000338333,FBLL1,GENCODE,1519,chr5,+,167956120,167957639,CCAAGGCTGCGTTGTGTTTGCTATTATTTTCTGTGTGTTTTCTTTGTGAGTGTTTTGTTT,345630,Hs.166262,GO:0003723|GO:0005730|GO:0006364|GO:0008033|GO:0008168|GO:0030529|GO:0032259,fibrillarin-like 1,1015.45452,57.789633,9.871409,5.758775,595.18744,1435.7216,59.048836,55.971634,58.34843,9.094535,10.648282,5.772475,5.549134,5.954716
ASHGV40046356,0.000274029,0.417682931,5.787841,up,protein_coding,NM_001077653,TBX20,RefSeq,1824,chr7,-,35242041,35293711,AGAACTTTCATCTTTCCAGAAACAGTTTTTACGGCAGTCACTGCCTACCAGAATCAACTG,57057,Hs.404167,GO:0000122|GO:0000977|GO:0000978|GO:0001077|GO:0001085|GO:0001102|GO:0001105|GO:0001569|GO:0001706|GO:0001764|GO:0001947|GO:0003143|GO:0003148|GO:0003175|GO:0003180|GO:0003193|GO:0003203|GO:0003207|GO:0003215|GO:0003272|GO:0003279|GO:0003344|GO:0005634|GO:0005737|GO:0006366|GO:0006936|GO:0008015|GO:0008283|GO:0009953|GO:0010991|GO:0021524|GO:0035922|GO:0036306|GO:0045892|GO:0045944|GO:0048370|GO:0055008|GO:0060045|GO:0060413|GO:0060577,T-box 20,28.534902,5.383746,4.892939,2.359914,37.02966,20.040144,4.9999995,6.151239,4.9999995,5.0546618,4.731217,2.3299296,2.420765,2.3290477
ASHGV40006843,0.021930807,0.949757248,3.8004176,up,protein_coding,NM_004171,SLC1A2,RefSeq,12021,chr11,-,35272751,35441105,CAGTGTTGAGGAAGAACCTTGGAAACGTGAGAAATAAGGATATGAGTCTCAGCAAATTCT,6506,Hs.502338,GO:0005313|GO:0005515|GO:0005886|GO:0006811|GO:0007268|GO:0007269|GO:0007632|GO:0009611|GO:0009986|GO:0010259|GO:0014047|GO:0015501|GO:0016020|GO:0016021|GO:0017153|GO:0021537|GO:0030534|GO:0030673|GO:0031668|GO:0035264|GO:0042493|GO:0043200|GO:0046326|GO:0051938|GO:0055085|GO:0070779|GO:0089711|GO:0089711,"solute carrier family 1 (glial high affinity glutamate transporter), member 2",23.082285,7.347858,4.653872,2.727714,21.66627,24.4983,9.340328,7.7032475,4.9999995,4.2902265,5.017518,3.2360635,2.6180317,2.3290477
ASHGV40026503,0.03211785,0.949757248,2.0247594,up,protein_coding,NM_006569,CGREF1,RefSeq,1934,chr2,-,27323461,27341995,ATGACTATGACCAGAGTGGACAGCTGGATGGCCTGGAGCTGCTGTCCATGTTGACAGCTG,10669,Hs.159525,GO:0005509|GO:0005576|GO:0006950|GO:0007050|GO:0007155|GO:0008285|GO:0030308,cell growth regulator with EF-hand domain 1,142.49158,76.277274,7.147244,6.129493,192.70734,92.27582,86.90945,85.92948,55.992893,7.4376016,6.8568854,6.304352,6.1911693,5.8929577
ASHGV40003146,0.025929691,0.949757248,2.0789962,up,protein_coding,NM_001694,ATP6V0C,RefSeq,1180,chr16,+,2563870,2570224,GTCTTCAGCGCCCTGGGCGCTGCCTATGGCACAGCCAAGAGCGGTACCGGCATTGCGGCC,527,Hs.389107,GO:0005515|GO:0005765|GO:0005925|GO:0006879|GO:0008286|GO:0010008|GO:0015991|GO:0015992|GO:0016021|GO:0016032|GO:0030177|GO:0030670|GO:0031625|GO:0033179|GO:0033572|GO:0034220|GO:0046933|GO:0046961|GO:0051701|GO:0055085|GO:0070062|GO:0090382,"ATPase, H+ transporting, lysosomal 16kDa, V0 subunit c",268.5708,147.033973,8.139214,7.083326,260.87622,276.26538,128.67058,178.88904,133.5423,7.8833103,8.395117,6.84093,7.2979045,7.111145
ASHGV40014308,0.006868828,0.949757248,2.3072143,up,protein_coding,NM_002632,PGF,RefSeq,1911,chr14,-,75408532,75422467,GAGACCCAAGGGCAGGGGGAAGAGGAGGAGAGAGAAGCAGAGACCCACAGACTGCCACCT,5228,Hs.252820,GO:0001658|GO:0001666|GO:0001938|GO:0002040|GO:0005515|GO:0005576|GO:0005615|GO:0007165|GO:0007267|GO:0007565|GO:0008083|GO:0008201|GO:0008284|GO:0016020|GO:0030154|GO:0031100|GO:0032870|GO:0042493|GO:0042803|GO:0045766|GO:0046982|GO:0048010|GO:0051781|GO:0060688,placental growth factor,1168.1315,569.500043,10.229156,9.023004,1158.4648,1177.7982,573.61255,651.35126,483.53632,10.078945,10.379367,8.980562,9.231129,8.857321
ASHGV40043534,0.024910097,0.949757248,2.1879893,up,protein_coding,NM_178148,SLC35B2,RefSeq,2084,chr6,-,44221837,44225308,TAAGATGTCATCGGTGCAGATGATGTTTGGGGTCAATTTCTTCTCCTGCCTCTTCACAGT,347734,Hs.182885,GO:0000139|GO:0004871|GO:0005794|GO:0005975|GO:0006805|GO:0007165|GO:0016020|GO:0016021|GO:0030203|GO:0043123|GO:0044281|GO:0046963|GO:0046964|GO:0050427|GO:0050428|GO:0055085|GO:1902559,"solute carrier family 35 (adenosine 3'-phospho 5'-phosphosulfate transporter), member B2",795.13405,406.77549,9.662823,8.533217,744.3547,845.9134,342.18677,478.2246,399.9151,9.417503,9.908143,8.240077,8.761541,8.598034
ASHGV40034292,0.037771092,0.949757248,2.1066078,up,protein_coding,NM_001206943,CSPG5,RefSeq,2256,chr3,-,47603727,47620359,GCGGTGACCGGCACCGCCTGGCTGGAAGCTGACAGCCCAGGCCTGGGAGGAGTGACCGCA,10675,Hs.45127,GO:0002230|GO:0005515|GO:0005576|GO:0005789|GO:0005794|GO:0005796|GO:0005887|GO:0005975|GO:0007399|GO:0008083|GO:0016020|GO:0016021|GO:0030154|GO:0030203|GO:0030204|GO:0030206|GO:0030207|GO:0030208|GO:0030660|GO:0040008|GO:0043202|GO:0044281|GO:0046907|GO:0050804|GO:0098779,chondroitin sulfate proteoglycan 5,20.168217,11.130451,4.451973,3.377052,22.71909,17.617344,11.63008,9.720193,12.0410795,4.3600135,4.5439334,3.5362031,2.928037,3.666915
ASHGV40038279,0.000793917,0.655509407,11.6662777,up,protein_coding,NM_021973,HAND2,RefSeq,2368,chr4,-,174447651,174451378,AAAGTGGATATTTGAAGAAAAGCATTCCATATTTTAATACGAAGAGGACACTCCCGTGTG,9464,Hs.388245,GO:0000790|GO:0000977|GO:0001077|GO:0001525|GO:0001701|GO:0001947|GO:0001967|GO:0003007|GO:0003219|GO:0003253|GO:0003266|GO:0003278|GO:0003357|GO:0003680|GO:0003713|GO:0005515|GO:0005667|GO:0006355|GO:0006366|GO:0006915|GO:0007507|GO:0007512|GO:0008134|GO:0010463|GO:0010667|GO:0014032|GO:0033613|GO:0042475|GO:0042733|GO:0042803|GO:0043234|GO:0043392|GO:0043433|GO:0043586|GO:0044212|GO:0045668|GO:0045893|GO:0045944|GO:0046982|GO:0048485|GO:0048538|GO:0048935|GO:0060021|GO:0060536|GO:0060982|GO:0061032|GO:0061309|GO:0061325|GO:0070888|GO:0070888|GO:2000679|GO:2000763|GO:2000764,heart and neural crest derivatives expressed 2,59.552062,5,5.871566,2.327294,83.726135,35.37799,4.9999995,4.9999995,4.9999995,6.2118864,5.5312457,2.3299296,2.3229036,2.3290477
ASHGV40056694,0.04855941,0.949757248,4.6928851,up,protein_coding,NM_001099771,POTEF,RefSeq,4337,chr2,-,130831107,130886795,GAAACTGGTTGGTAGACGCGATCTGTTGGCTACTACTGGCTTCTCCTGGCTGTTAAAAGC,728378,Hs.580547,GO:0001895|GO:0005615|GO:0005938|GO:0070062|GO:0072562,POTE ankyrin domain family member F,315.85199,80.820554,8.343902,6.113426,271.4772,360.22678,47.215126,67.26033,127.986206,7.937806,8.749997,5.4566298,5.829554,7.0540953
ASHGV40039049,0.017901104,0.949757248,15.7945847,up,protein_coding,ENST00000401931,IL8,GENCODE,700,chr4,+,74606257,74608047,AAGTTCTTTGTCACTCCCAGTAGTGTCCTATTTTAGATGATAATTTCTTTGATCTCCCTA,3576,Hs.624,GO:0001525|GO:0002237|GO:0005153|GO:0005515|GO:0005576|GO:0005615|GO:0005622|GO:0005622|GO:0006928|GO:0006935|GO:0006954|GO:0006955|GO:0007050|GO:0007165|GO:0007186|GO:0008009|GO:0008285|GO:0019722|GO:0030155|GO:0030593|GO:0030968|GO:0031623|GO:0034976|GO:0035556|GO:0036499|GO:0042119|GO:0044267|GO:0044344|GO:0045091|GO:0045744|GO:0045766|GO:0048566|GO:0050930|GO:0070098|GO:0071222|GO:0071347|GO:0071356|GO:0090023,chemokine (C-X-C motif) ligand 8,856.7286,60.013936,9.657924,5.676566,532.3142,1181.143,87.43252,31.378138,61.23115,8.931555,10.384293,6.313659,4.6925464,6.0234923
ASHGV40036483,0.043167882,0.949757248,2.370604,up,protein_coding,NM_032343,CHCHD6,RefSeq,1020,chr3,+,126423062,126679263,ATTCTCCACTGCTACCGAGATCGCCCGCATGAGGTGCTGCTGTGCTCGGACCTGGTCAAG,84303,Hs.518119,GO:0005515|GO:0005739|GO:0005739|GO:0005743|GO:0006974|GO:0042407|GO:0061617,coiled-coil-helix-coiled-coil-helix domain containing 6,4975.35,2457.970467,12.311743,11.066488,4923.917,5026.783,1687.5344,2693.9722,2992.4048,12.195538,12.427948,10.511319,11.345664,11.342482
ASHGV40056056,0.001000901,0.663539841,10.7403423,up,protein_coding,NM_015567,SLITRK5,RefSeq,4461,chr13,+,88324869,88331870,ACGTTTAGCCAGTTCTAAAAGCAAAGAAACTCTCTTGGAGCTTTTGCATTTAAAACAAAC,26050,Hs.591208,GO:0007268|GO:0007409|GO:0007625|GO:0009410|GO:0016021|GO:0021756|GO:0030534|GO:0043235|GO:0043588|GO:0048813|GO:0051965|GO:0072358,SLIT and NTRK like family member 5,54.997493,5,5.752262,2.327294,77.86684,32.128147,4.9999995,4.9999995,4.9999995,6.107896,5.3966274,2.3299296,2.3229036,2.3290477
ASHGV40050194,0.026940759,0.949757248,2.0782287,up,protein_coding,NM_014867,KBTBD11,RefSeq,6717,chr8,+,1922043,1955109,CCAGGGCGGCGGCTTCGAGGCGCTGGGCGCCCCCTTGGACGTCCGGGGTGTGCTCATCCC,9920,Hs.5333,,kelch repeat and BTB (POZ) domain containing 11,512.525785,279.14915,9.045422,7.990068,493.32153,531.73004,349.5544,242.97418,244.91887,8.813709,9.277135,8.271188,7.7563567,7.942658
ASHGV40003353,0.000204097,0.38256501,149.7004623,up,protein_coding,NM_181704,BAGE4,RefSeq,1840,chr21,-,11020841,11098925,CTGGAAATGCAAATGAATACCGAATTGGAAAAACAGATTTCTAATGAGGCTGATAGTGAA,85317,,GO:0005576,B melanoma antigen family member 4,777.35587,5,9.553228,2.327294,1086.6714,468.04034,4.9999995,4.9999995,4.9999995,9.992808,9.113649,2.3299296,2.3229036,2.3290477
ASHGV40036446,0.040886803,0.949757248,2.3228135,up,protein_coding,NM_032839,DIRC2,RefSeq,3348,chr3,+,122513900,122599986,ACCCAGTTCCAGAAGGAATTACTTGTGGAGTTGTCACTTTTTTAAGTAATATGTTTATGG,84925,Hs.477346,GO:0005765|GO:0006810|GO:0016021,disrupted in renal carcinoma 2,5320.0385,2482.068,12.341141,11.125268,6765.688,3874.389,2176.297,3011.4229,2258.4841,12.651162,12.03112,10.872364,11.533266,10.970173
ASHGV40045185,0.028384765,0.949757248,3.1493149,up,protein_coding,uc003pcc.1,AX746830,UCSC_knowngene,2521,chr6,+,53516383,53518904,TAGGGCTATTTCCCTATAATATTGAGCCATTTCAGTTCCTAATAAAAGATCAAGTACCTG,,,,,199.5599,72.648171,7.652563,5.997525,255.68831,143.43149,81.82162,96.7479,39.374992,7.8493037,7.4558215,6.2216864,6.370131,5.4007564
ASHGV40007926,0.036776161,0.949757248,2.7953844,up,protein_coding,NM_004357,CD151,RefSeq,1574,chr11,+,832951,838835,AAGTTGGAGACCTTCATCCAGGAGCACCTGAGGGTCATTGGGGCTGTGGGGATCGGCATT,977,Hs.654379,GO:0005178|GO:0005515|GO:0005604|GO:0005829|GO:0005886|GO:0005887|GO:0005925|GO:0007155|GO:0016020|GO:0016477|GO:0030198|GO:0031581|GO:0034329|GO:0042098,CD151 molecule (Raph blood group),4243.20075,1727.4357,12.045506,10.562459,3332.673,5153.7285,1389.4977,1587.4294,2205.38,11.6211195,12.4698925,10.230136,10.5221405,10.9351015
ASHGV40013031,0.019512114,0.949757248,4.1280369,up,protein_coding,NM_001144829,FMO5,RefSeq,2014,chr1,-,146655883,146697230,GTCCTGGAGTATTTCAGGATGTATGCCAAAGAATTTGACCTTCTAAAGTATATTCGATTT,2330,Hs.642706,GO:0004499|GO:0005789|GO:0008150|GO:0016021|GO:0017144|GO:0050660|GO:0050661|GO:0055114,flavin containing monooxygenase 5,24.960693,6.722443,4.711004,2.665549,31.659262,18.262123,10.167329,4.9999995,4.9999995,4.823663,4.598346,3.3446946,2.3229036,2.3290477
ASHGV40036432,0.03877092,0.949757248,2.460655,up,protein_coding,NM_021082,SLC15A2,RefSeq,5523,chr3,+,121613170,121663034,TACTACTATGTTCCTGTAAAGACAGAGGATATGCGGGGTCCAGCAGATAAGCACATTCCT,6565,Hs.518089,GO:0005515|GO:0005886|GO:0005887|GO:0006810|GO:0006811|GO:0015031|GO:0015333|GO:0015334|GO:0015893|GO:0015992|GO:0042891|GO:0042895|GO:0042936|GO:0042938|GO:0055085|GO:0070062,"solute carrier family 15 (oligopeptide transporter), member 2",285.405835,124.902758,8.124436,6.825393,391.76376,179.04791,104.423195,169.4214,100.86368,8.485329,7.763542,6.5483627,7.201853,6.7259636
ASHGV40055880,0.018590952,0.949757248,140.867125,up,protein_coding,NM_003015,SFRP5,RefSeq,1883,chr10,-,99526507,99531756,GCTGTGAGGCCATAGGTACTAGACAACCAATACATGCAGGGTTGGGTTTTCTAATTTTTT,6425,Hs.279565,GO:0004930|GO:0005615|GO:0006915|GO:0007163|GO:0007165|GO:0007275|GO:0007601|GO:0008285|GO:0009653|GO:0016021|GO:0017147|GO:0030154|GO:0035414|GO:0035567|GO:0042813|GO:0043433|GO:0051898|GO:0060070|GO:0090090|GO:2000057,secreted frizzled-related protein 5,1767.74897,22.65307,10.558891,3.4207,2776.9128,758.58514,4.9999995,57.95921,4.9999995,11.360032,9.7577505,2.3299296,5.603123,2.3290477
ASHGV40002399,0.035273021,0.949757248,2.9996032,up,protein_coding,NM_002359,MAFG,RefSeq,5051,chr17,-,79876144,79885587,TTATGACGACCCCCAATAAAGGAAACAAGGCCTTGAAGGTGAAGCGGGAGCCGGGTGAGA,4097,Hs.252229,GO:0001701|GO:0003700|GO:0005515|GO:0005654|GO:0006351|GO:0006355|GO:0007596|GO:0010628|GO:0030534|GO:0030641|GO:0042127|GO:0043565|GO:0045604|GO:0046982,v-maf avian musculoaponeurotic fibrosarcoma oncogene homolog G,119.5325,41.673596,6.855353,5.270581,170.4501,68.6149,28.739653,51.3941,44.887035,7.258054,6.452652,4.7947326,5.433049,5.5839624
ASHGV40038045,0.020050216,0.949757248,5.4411949,up,protein_coding,NM_014331,SLC7A11,RefSeq,9648,chr4,-,139085247,139163503,CCAAGGGGAGACACAAAATAGGGATTTTTACTTCATTTTCTGAAAGTCTAGAGAATTACA,23657,Hs.390594,GO:0005515|GO:0005791|GO:0005856|GO:0005886|GO:0005887|GO:0006811|GO:0006865|GO:0006979|GO:0007420|GO:0007596|GO:0009636|GO:0009986|GO:0015327|GO:0016021|GO:0035094|GO:0050900|GO:0055085|GO:0070306|GO:0070527|GO:0089711,"solute carrier family 7 (anionic amino acid transporter light chain, xc- system), member 11",10242.8697,1971.9139,13.180944,10.73702,14825.714,5660.0254,2732.134,1470.0265,1713.5812,13.765648,12.596239,11.217024,10.409117,10.584919
ASHGV40038295,0.023788903,0.949757248,4.6625407,up,protein_coding,NM_005277,GPM6A,RefSeq,3215,chr4,-,176554087,176923842,GTAAGGTGACTTATGAATCACCTGAGTACAATTCTTTGTTGTTTAGCACTTAAATTTCCC,2823,Hs.75819,GO:0001764|GO:0003407|GO:0005262|GO:0005515|GO:0005886|GO:0007416|GO:0016021|GO:0030175|GO:0043005|GO:0043025|GO:0043197|GO:0044295|GO:0048812|GO:0048863|GO:0051491|GO:0070062|GO:0070588|GO:1903561,glycoprotein M6A,22.461083,5,4.54841,2.327294,16.13557,28.786596,4.9999995,4.9999995,4.9999995,3.8481684,5.2486515,2.3299296,2.3229036,2.3290477
ASHGV40035057,0.022047975,0.949757248,3.5153331,up,protein_coding,NM_032153,ZIC4,RefSeq,4278,chr3,-,147103834,147124596,TCGCGCCTGCTACATCAAAGGGCCCGCGCACAAAGCAGTGTTTCTTCGCCACGGTGCATC,84107,Hs.415766,GO:0003677|GO:0005634|GO:0046872,Zic family member 4,43.134397,14.100385,5.516594,3.702932,36.288364,49.98043,15.198947,16.800749,10.301459,5.01993,6.0132575,3.912861,3.768527,3.427409
ASHGV40028152,0.020761691,0.949757248,28.3406727,up,protein_coding,NM_000092,COL4A4,RefSeq,10341,chr2,-,227867426,228029275,GATGCCTGGTCTGCCATTGGCACTTAAATATTTGTTGTATTACGATTTATAATATGGTTC,1286,Hs.591645,GO:0005201|GO:0005576|GO:0005587|GO:0005605|GO:0005788|GO:0007411|GO:0022617|GO:0030198|GO:0030574|GO:0032836,"collagen, type IV, alpha 4",742.779535,20.675201,8.994743,4.169941,1309.48,176.07907,32.25924,14.399931,15.366431,10.250431,7.7390556,4.947775,3.5380046,4.024044
ASHGV40007235,0.03930117,0.949757248,2.5213071,up,protein_coding,NM_001243750,NUDT8,RefSeq,744,chr11,-,67395409,67397408,TGGCTTCACCCTGTCAGGCCAGCTCCACTCCAGGACTGAATAAAGGTCTTTGACAGCTCT,254552,Hs.433329,GO:0005739|GO:0008152|GO:0016787|GO:0046872,nudix hydrolase 8,16277.9435,6664.054167,13.879817,12.545646,22702.656,9853.231,7352.3823,5822.0356,6817.7446,14.382492,13.377143,12.644399,12.471527,12.521011
ASHGV40021229,0.027850919,0.949757248,2.1009075,up,protein_coding,NM_004870,MPDU1,RefSeq,1634,chr17,+,7486964,7491527,CTCATCGCCGCCCAGCTGCTCTTCTACTGGAATGCAAAGCCTCCCCACAAGCAGAAAAAG,9526,Hs.246381,GO:0005515|GO:0005739|GO:0005783|GO:0005789|GO:0006457|GO:0006488|GO:0006810|GO:0009312|GO:0009312|GO:0016020|GO:0016021|GO:0070062,mannose-P-dolichol utilization defect 1,3872.59925,1997.748933,11.87897,10.807957,5041.5747,2703.6238,2077.2227,1988.419,1927.6051,12.231377,11.526563,10.807184,10.873912,10.742776
ASHGV40056018,0.001427645,0.724125163,3.8008436,up,protein_coding,NM_004004,GJB2,RefSeq,2347,chr13,-,20761603,20767114,AGAGTAGAAGATGGATTGGGGCACGCTGCAGACGATCCTGGGGGGTGTGAACAAACACTC,2706,Hs.524894,GO:0005243|GO:0005793|GO:0005886|GO:0005922|GO:0006810|GO:0007267|GO:0007605|GO:0016021|GO:0016264|GO:0016328|GO:0030539|GO:0032355|GO:0032570|GO:0034599|GO:0044752|GO:0046697|GO:0055085|GO:0061024,gap junction protein beta 2,82.208163,24.411574,6.435522,4.509202,87.52174,76.894585,22.530529,31.276304,19.42789,6.275996,6.595047,4.4594135,4.6876826,4.3805094
ASHGV40045070,0.002748798,0.835054634,17.3322466,up,protein_coding,NM_032538,TTBK1,RefSeq,7128,chr6,+,43211221,43255997,GAAAACCCACCTCAACGTCATGTCTTCCGGTGGACAAGCCTTGCGGTCTGAGGAGTTCAG,84630,Hs.485436,GO:0004674|GO:0005524|GO:0005737|GO:0008360|GO:0018105|GO:0021762,tau tubulin kinase 1,106.483003,6.769317,6.806159,2.690773,114.137726,98.82828,4.9999995,5.387516,9.920435,6.667482,6.9448366,2.3299296,2.3749444,3.3674436
ASHGV40034109,0.049504392,0.949757248,4.6432287,up,protein_coding,NM_005442,EOMES,RefSeq,3617,chr3,-,27757439,27764206,ATTTCATTCGGGAAATTAAAACTCACCAATAACAAAGGCGCAAATAACAACAACACCCAG,8320,Hs.591663,GO:0000122|GO:0000977|GO:0001102|GO:0001191|GO:0001706|GO:0001707|GO:0001714|GO:0001829|GO:0002250|GO:0002302|GO:0003677|GO:0003682|GO:0003700|GO:0005634|GO:0006351|GO:0007420|GO:0010002|GO:0019827|GO:0021772|GO:0021796|GO:0021895|GO:0032609|GO:0035914|GO:0043565|GO:0045597|GO:0045664|GO:0045893|GO:0045944|GO:0060706|GO:0060809,eomesodermin,37.722112,9.908457,5.298522,3.083394,28.108107,47.336117,4.9999995,15.241168,9.484204,4.6559467,5.9410973,2.3299296,3.6223066,3.2979448
ASHGV40053642,0.045535396,0.949757248,2.6150783,up,protein_coding,NM_152571,C9orf163,RefSeq,2587,chr9,+,139377946,139380519,CTCTGAGTGTAAACTACATGGTAGGTTGTGAAGGATGCAAATATCGAATCAATCATTTTT,158055,Hs.212613,,chromosome 9 open reading frame 163,3027.9531,1347.850467,11.546712,10.159858,3725.0542,2330.852,2006.3544,1010.819,1026.378,11.770524,11.322901,10.756188,9.862088,9.861299
ASHGV40055046,0.043503499,0.949757248,2.2070087,up,protein_coding,NM_173834,YIPF6,RefSeq,6282,chrX,+,67718623,67757127,CTGTTGGGAAAAAATTCATGCATGTTTTGTACCCAAGGAAAAGTAATACTCTTTTGAGAG,286451,Hs.82719,GO:0005515|GO:0005783|GO:0005801|GO:0005802|GO:0016021|GO:0030134|GO:0042802|GO:0060576,Yip1 domain family member 6,10028.186,5227.4563,13.283368,12.141276,11622.916,8433.456,7220.9893,3567.3716,4894.008,13.419742,13.146994,12.618883,11.770524,12.03442
ASHGV40054820,0.000205074,0.38256501,6.5076097,up,protein_coding,NM_000950,PRRG1,RefSeq,4599,chrX,+,37208527,37316548,TTCCTATGGTGCCTGTGGTCACCACCATCAAATGAAGCTGCAAACTTCTTTTTACTCTAA,5638,Hs.190341,GO:0005509|GO:0005576|GO:0005887,proline rich Gla (G-carboxyglutamic acid) 1,141.08927,24.095469,7.211953,4.509825,149.02995,133.14859,24.927315,26.462051,20.897041,7.068813,7.3550925,4.6018724,4.447494,4.4801087
ASHGV40030888,0.00195006,0.780760518,79.7845115,up,protein_coding,NM_003833,MATN4,RefSeq,2335,chr20,-,43922085,43937169,ATCAGCGCAGGGACAGAGCTTCGGAGCCCATGCGAATGCGAAAGCCTCGTGGAGTTCCAG,8785,Hs.278489,GO:0005515|GO:0005576|GO:0030198|GO:0048678,matrilin 4,708.527035,10.719414,9.503043,3.185006,747.13007,669.924,17.507174,7.212345,7.4387236,9.424366,9.58172,4.1054153,2.5368495,2.9127538
ASHGV40048111,0.037761114,0.949757248,19.2058627,up,protein_coding,NM_152999,STEAP2,RefSeq,6932,chr7,+,89840999,89866992,TCTGAATTTTTTCCTCATGTGGTAGATGTCACTCATCATGAAGATGCTCTCACAAAAACA,261729,Hs.489051,GO:0005215|GO:0005769|GO:0005829|GO:0005886|GO:0005887|GO:0006893|GO:0006897|GO:0008823|GO:0009725|GO:0010008|GO:0015677|GO:0030140|GO:0030173|GO:0043231|GO:0045055|GO:0046872|GO:0052851|GO:0055072|GO:0055114|GO:0097461,STEAP2 metalloreductase,322.26428,25.800827,8.37179,4.108315,274.785,369.74356,38.10272,34.299763,4.9999995,7.953905,8.789675,5.169742,4.8261557,2.3290477
ASHGV40057214,0.01630233,0.949757248,3.1063524,up,protein_coding,NM_005346,HSPA1B,RefSeq,2551,chr6,+,31795511,31798031,AGGTGGATTAGGGGCCTTTGTTCTTTAGTATGTTTGTCTTTGAGGTGGACTGTTGGGACT,3304,Hs.719966,GO:0000151|GO:0001618|GO:0001664|GO:0005102|GO:0005515|GO:0005524|GO:0005737|GO:0005814|GO:0005829|GO:0005925|GO:0010628|GO:0010941|GO:0016234|GO:0016887|GO:0019899|GO:0031072|GO:0031397|GO:0031625|GO:0032757|GO:0034599|GO:0034605|GO:0042026|GO:0042623|GO:0044183|GO:0046034|GO:0046718|GO:0048471|GO:0050821|GO:0050821|GO:0051082|GO:0051082|GO:0051092|GO:0055131|GO:0060548|GO:0060548|GO:0070370|GO:0070434|GO:0072562|GO:0090084|GO:1903265|GO:2001240,heat shock protein family A (Hsp70) member 1B,29763.12,10248.7881,14.80712,13.171899,37429.32,22096.92,8068.6323,9932.319,12745.413,15.100391,14.51385,12.786029,13.309166,13.420502
ASHGV40019173,0.012301452,0.949757248,2.0073955,up,protein_coding,NM_152727,CPNE2,RefSeq,2252,chr16,+,57126454,57181878,GTTGTGCAGTATTTCAAGCATAAAAACCTGCCCCCCACCAACTCGGAGCCCGCCTGAGCT,221184,Hs.339809,GO:0005515|GO:0070062,copine II,16456.0365,9097.4875,14.024273,13.018948,16431.268,16480.805,8122.5215,9679.501,9490.44,13.9280205,14.120526,12.795049,13.2533455,13.0084505
ASHGV40057928,0.003978401,0.885649621,13.6195994,up,protein_coding,uc001ejc.4,BC071797,UCSC_knowngene,1098,chr1,+,142803530,142826645,ATGATGAAGACTTGAGTGTTGCTACTAAGTGTGTCCCCGAGAAAGTGTCAGAGCCTTTAC,,,,,1435.59,117.649117,10.457807,6.690194,1894.6985,976.4815,164.404,121.34615,67.1972,10.798543,10.11707,7.2062383,6.7091784,6.1551657
ASHGV40026954,0.011208517,0.949757248,2.0928658,up,protein_coding,NM_006302,MOGS,RefSeq,2910,chr2,-,74688183,74692537,ACATAGCCCTGGGGTGAATGTGAATCCAGAGTCTATTTTTCTAAATAAATTGGAAAAAAC,7841,Hs.516119,GO:0004573|GO:0005783|GO:0005789|GO:0005789|GO:0006457|GO:0006487|GO:0009311|GO:0015926|GO:0016020|GO:0016021|GO:0018279|GO:0043687|GO:0044267|GO:0070062,mannosyl-oligosaccharide glucosidase,78526.72,40054.02067,16.281105,15.215626,75362.3,81691.14,36224.523,34512.855,49424.684,16.10448,16.457731,15.044544,15.192362,15.409971
ASHGV40042464,0.011726737,0.949757248,2.9503897,up,protein_coding,NM_018926,PCDHGB6,RefSeq,4599,chr5,+,140787769,140892546,ATTCCAATGAAGACATGGTTTGCAGTGTTTCTCCTGGAGCCTTAATTCCACCTCATGGTG,56100,,GO:0005509|GO:0005886|GO:0007156|GO:0016021,"protocadherin gamma subfamily B, 6",112.62656,40.947941,6.82903,5.268124,148.02028,77.23284,40.92175,37.55251,44.369564,7.058754,6.5993056,5.2674026,4.9663315,5.5706387
ASHGV40032723,0.023799811,0.949757248,2.2381482,up,protein_coding,NM_000394,CRYAA,RefSeq,1162,chr21,+,44589117,44592920,TGTCTGCCGATGGCATGCTGACCTTCTGTGGCCCCAAGATCCAGACTGGCCTGGATGCCA,1409,Hs.184085,GO:0005212|GO:0005515|GO:0005634|GO:0005737|GO:0007601|GO:0032387|GO:0042026|GO:0042802|GO:0043066|GO:0043066|GO:0046872|GO:0050896|GO:0051082|GO:0051082|GO:0051260|GO:0070062,crystallin alpha A,121.555555,59.839997,6.945218,5.782913,157.89896,85.21215,47.243835,78.964516,53.31164,7.145859,6.7445774,5.4574013,6.0664988,5.8248377
ASHGV40036134,0.030947331,0.949757248,2.3516671,up,protein_coding,NM_018029,EBLN2,RefSeq,1679,chr3,+,73110809,73112471,AGTGTTGGGTGGAATCATAGATCCATGCACTCCTAACATGAACTAATTCTCATTATTTAA,55096,Hs.658858,,endogenous Bornavirus-like nucleoprotein 2,7098.6604,3443.471667,12.809249,11.575565,7832.3438,6364.977,2573.812,4094.051,3662.552,12.858966,12.759531,11.121517,11.969218,11.635959
ASHGV40030452,0.011875466,0.949757248,2.8097767,up,protein_coding,NM_024411,PDYN,RefSeq,2800,chr20,-,1959401,1974931,AATAGGCTTGTGTAATTTCCTGCTCCTCCAGTACAATAAATAAAAGAAAGATGCTGATGA,5173,Hs.22584,GO:0001515|GO:0005576|GO:0005737|GO:0005886|GO:0007218|GO:0007268|GO:0043025,prodynorphin,66.118822,25.257971,6.066284,4.575829,88.33255,43.905094,27.700188,23.055714,25.01801,6.2887316,5.843837,4.742849,4.2430205,4.741617
ASHGV40053558,0.048043894,0.949757248,2.2006461,up,protein_coding,NM_207417,C9orf171,RefSeq,1848,chr9,+,135285582,135448706,ACCGTCAGCTCAATGACATCCGCATCAGTGACCAGGATGACCGGCGCATGAAGAAAGAGC,389799,Hs.201709,GO:0005515,cilia and flagella associated protein 77,14.145608,7.108994,3.938084,2.800157,16.724237,11.566979,6.4740458,5.3356514,9.517286,3.906938,3.969231,2.7231405,2.3724692,3.3048623
ASHGV40003052,0.03756015,0.949757248,9.1545227,up,protein_coding,NM_000584,CXCL8,RefSeq,1718,chr4,+,74606222,74609433,GAAAACTGGGTGCAGAGGGTTGTGGAGAAGTTTTTGAAGAGGGCTGAGAATTCATAAAAA,3576,Hs.624,GO:0001525|GO:0002237|GO:0005153|GO:0005515|GO:0005576|GO:0005615|GO:0005622|GO:0005622|GO:0006928|GO:0006935|GO:0006954|GO:0006955|GO:0007050|GO:0007165|GO:0007186|GO:0008009|GO:0008285|GO:0019722|GO:0030155|GO:0030593|GO:0030968|GO:0031623|GO:0034976|GO:0035556|GO:0036499|GO:0042119|GO:0044267|GO:0044344|GO:0045091|GO:0045744|GO:0045766|GO:0048566|GO:0050930|GO:0070098|GO:0071222|GO:0071347|GO:0071356|GO:0090023,chemokine (C-X-C motif) ligand 8,5795.67565,732.531577,12.347381,9.152896,3166.3203,8425.031,1348.0961,436.05948,413.43915,11.549312,13.14545,10.18862,8.629339,8.64073
ASHGV40011919,0.026903202,0.949757248,4.3951401,up,protein_coding,NM_001008394,EID3,RefSeq,1486,chr12,+,104697509,104698982,GGCAGCTTTTGAAATTTCTGAGGCTATGATTACATACTCCTCATACTAAAGATTTCTTAG,493861,Hs.659857,GO:0000781|GO:0005515|GO:0005654|GO:0005737|GO:0006281|GO:0006310|GO:0006351|GO:0006355|GO:0016925|GO:0030915|GO:0042802|GO:0043687|GO:0044267,EP300 interacting inhibitor of differentiation 3,3032.52575,757.039053,11.510637,9.374727,2132.6304,3932.4211,1014.6932,521.80316,734.6208,10.970173,12.0511,9.798726,8.896674,9.428782
ASHGV40038864,0.04276054,0.949757248,3.3455509,up,protein_coding,NM_152679,SLC10A4,RefSeq,2118,chr4,+,48485359,48491541,ATCGGGTTGGGCGTCTTCATTCGCTACAAATACAGCCGGGTGGCTGACTACATTGTGAAG,201780,Hs.132591,GO:0005887|GO:0006814|GO:0008508|GO:0015721|GO:0055085,solute carrier family 10 member 4,95.16247,34.051227,6.632878,4.890634,86.77815,103.54679,41.88772,42.651302,17.61466,6.26035,7.0054054,5.295334,5.150554,4.2260137
ASHGV40040253,0.017937836,0.949757248,6.2979498,up,protein_coding,NM_003711,PPAP2A,RefSeq,1685,chr5,-,54720669,54830906,CGATGGTTACATTGAATACTACATATGTCGAGGGAATGCAGAAAGAGTTAAGGAAGGCAG,8611,Hs.696231,GO:0005886|GO:0005887|GO:0006470|GO:0006629|GO:0006665|GO:0007205|GO:0008195|GO:0008195|GO:0008285|GO:0008354|GO:0016020|GO:0019216|GO:0030148|GO:0030518|GO:0030521|GO:0044281|GO:0046839|GO:0070062,phospholipid phosphatase 1,8116.61115,1225.638367,12.758191,10.103309,12443.129,3790.0933,1246.8357,1199.8534,1230.226,13.511329,12.0050535,10.081119,10.10175,10.127058
ASHGV40019941,0.007512092,0.949757248,7.0937931,up,protein_coding,NM_018713,SLC30A10,RefSeq,2869,chr1,-,220087605,220101993,CACGGACAAAGTCTTAACAAAACTCAGGAGGACCAATGTTATGTCAACAGAACGCATTTT,55532,Hs.284450,GO:0005886|GO:0006828|GO:0006829|GO:0008324|GO:0016021|GO:0098655,solute carrier family 30 member 10,42.485508,6.710539,5.491037,2.66448,51.14975,33.821266,10.131619,4.9999995,4.9999995,5.511425,5.4706497,3.341489,2.3229036,2.3290477
ASHGV40003288,0.000996225,0.663539841,45.5783618,up,protein_coding,NM_016212,TP53TG3,RefSeq,1431,chr16,-,32684848,32687450,GGTTGTCAAGTTTTTCAGGTTAAGTACTGCACGACTACTCGCTTCTGAAACTGATAGACA,24150,,GO:0005634|GO:0005737,TP53 target 3,225.305715,5,7.837571,2.327294,171.26701,279.34442,4.9999995,4.9999995,4.9999995,7.2662916,8.40885,2.3299296,2.3229036,2.3290477
ASHGV40019314,0.02114387,0.949757248,2.9145334,up,protein_coding,NM_005329,HAS3,RefSeq,4220,chr16,+,69141442,69151570,ATCGAGATGCTTCGAGTCCTGGAGGAGGATCCCCAAGTAGGGGGAGTCGGGGGAGATGTC,3038,Hs.592069,GO:0005737|GO:0005886|GO:0005887|GO:0005975|GO:0007155|GO:0016021|GO:0030203|GO:0030212|GO:0030213|GO:0030213|GO:0030213|GO:0036117|GO:0044281|GO:0045226|GO:0045226|GO:0045893|GO:0050501|GO:0085029|GO:0085029|GO:1900106,hyaluronan synthase 3,206.08617,81.504606,7.728468,6.185203,245.3726,166.79974,65.528366,122.07831,56.907143,7.7943916,7.6625447,5.919141,6.7173276,5.919141
ASHGV40042481,0.003036398,0.837927123,2.02038,up,protein_coding,NM_014773,KIAA0141,RefSeq,4988,chr5,+,141303384,141321612,CTATTCCCCCACACCCCTACCCACTGGAAAGGAGTGTTGTAAGACTAGGTTTTGGCTAAG,9812,Hs.210532,GO:0005515|GO:0005739|GO:0008625|GO:0043281,KIAA0141,4935.82575,2789.505833,12.301948,11.287321,4978.443,4893.2085,3148.6355,2594.217,2625.665,12.214621,12.389275,11.413537,11.287933,11.160494
ASHGV40041824,0.009596936,0.949757248,2.5738516,up,protein_coding,NM_001113561,RNF180,RefSeq,4944,chr5,+,63461670,63668696,CATGTGTGGCACATGAATGTAGAAGCCCTTCCAGAATGGATAAGCTGCCTAATCCAAAAA,285671,Hs.657843,GO:0000209|GO:0005635|GO:0008270|GO:0016021|GO:0016874|GO:0030534|GO:0031227|GO:0031398|GO:0031624|GO:0032436|GO:0042415|GO:0042428|GO:0050790|GO:0061630,ring finger protein 180,11.883461,5.193769,3.711991,2.348062,11.7805605,11.986361,4.9999995,5.581308,4.9999995,3.4049382,4.0190434,2.3299296,2.3852084,2.3290477
ASHGV40026509,0.042741899,0.949757248,2.7012825,up,protein_coding,NM_021095,SLC5A6,RefSeq,3272,chr2,-,27422454,27435175,TGGCCTGTTTCCTGAGAAGCCGAGGAATGGTGTGCTGGGGGACAGCAGAGACAAGGAGGC,8884,Hs.435735,GO:0005886|GO:0005887|GO:0006766|GO:0006767|GO:0006768|GO:0006810|GO:0006814|GO:0008523|GO:0012506|GO:0015878|GO:0015887|GO:0015939|GO:0016020|GO:0031526|GO:0044281|GO:0055085,"solute carrier family 5 (sodium/multivitamin and iodide cotransporter), member 6",1079.274825,428.315217,10.024579,8.590934,1472.6467,685.90295,317.50522,486.99655,480.44388,10.430999,9.618158,8.13541,8.788315,8.849077
ASHGV40040767,0.034261851,0.949757248,6.3574267,up,protein_coding,NM_178450,3-Mar,RefSeq,4196,chr5,-,126203405,126366500,GGTTGTCCTGCTACGGATGCAATTCAATTCTTCCTTTTTTATTACTATTTCAAACACACA,115123,Hs.132441,GO:0005764|GO:0005768|GO:0006897|GO:0008270|GO:0016021|GO:0016567|GO:0016874|GO:0030659|GO:0031901,membrane associated ring-CH-type finger 3,1492.4686,257.234427,10.410868,7.742426,2191.629,793.3082,409.26657,241.11269,121.32402,11.004378,9.817359,8.505339,7.7445183,6.9774194
ASHGV40003357,0.020946231,0.949757248,3.3314822,up,protein_coding,NM_182481,BAGE3,RefSeq,1891,chr21,-,11020841,11098925,GCACAGCTCTCGATGTGCATTTTGTAAGCACTTTGGAGCCACTATCAAATGCTGTGAAGA,85318,,GO:0005576,B melanoma antigen family member 3,152.77614,47.266696,7.191923,5.455759,219.57518,85.9771,36.765438,59.06213,45.97252,7.6258116,6.758035,5.120988,5.630085,5.6162043
ASHGV40021587,0.023577951,0.949757248,61.7318876,up,protein_coding,NM_002982,CCL2,RefSeq,760,chr17,+,32582295,32584220,ACCCCAAGCAGAAGTGGGTTCAGGATTCCATGGACCACCTGGACAAGCAAACCCAAACTC,6347,Hs.303649,GO:0000165|GO:0001525|GO:0001666|GO:0001912|GO:0001938|GO:0002523|GO:0002548|GO:0002693|GO:0004672|GO:0005102|GO:0005576|GO:0005576|GO:0005615|GO:0005791|GO:0006468|GO:0006874|GO:0006935|GO:0006954|GO:0006959|GO:0007010|GO:0007155|GO:0007165|GO:0007166|GO:0007179|GO:0007186|GO:0007187|GO:0007259|GO:0007568|GO:0008009|GO:0008201|GO:0008360|GO:0009408|GO:0009611|GO:0009612|GO:0009617|GO:0009887|GO:0010332|GO:0010574|GO:0010759|GO:0014823|GO:0016525|GO:0019079|GO:0019221|GO:0019725|GO:0030139|GO:0030425|GO:0030593|GO:0030968|GO:0031100|GO:0031663|GO:0031727|GO:0031727|GO:0032570|GO:0032760|GO:0032869|GO:0032967|GO:0033552|GO:0034351|GO:0035684|GO:0035690|GO:0036006|GO:0036120|GO:0036499|GO:0043200|GO:0043204|GO:0043491|GO:0043524|GO:0043547|GO:0043615|GO:0043679|GO:0044267|GO:0044299|GO:0044344|GO:0045202|GO:0045471|GO:0046677|GO:0048010|GO:0048245|GO:0048246|GO:0048247|GO:0048471|GO:0050806|GO:0050870|GO:0051770|GO:0060135|GO:0060137|GO:0070098|GO:0070374|GO:0071222|GO:0071300|GO:0071318|GO:0071346|GO:0071346|GO:0071347|GO:0071347|GO:0071354|GO:0071356|GO:0071356|GO:0071403|GO:0071407|GO:0071549|GO:0090026|GO:0090265|GO:0090280|GO:0090314|GO:2000427|GO:2000502,chemokine (C-C motif) ligand 2,950.77689,13.006875,9.389087,3.441143,273.48788,1628.0659,9.882667,4.9999995,24.137957,7.9480224,10.830152,3.308597,2.3229036,4.691929
ASHGV40000063,0.038313224,0.949757248,28.4317888,up,protein_coding,NM_176823,S100A7A,RefSeq,4279,chr1,+,153388999,153395701,CAGTGCCTGTGACAAAAAGGGCATACATTACCTCGCCACTGTCTTTGAGAAAAAGGACAA,338324,Hs.442337,GO:0005509|GO:0005737|GO:0043621,S100 calcium binding protein A7A,452.540315,26.463009,8.799555,3.970122,328.32333,576.7573,61.41367,5.742909,12.232449,8.213066,9.386044,5.8252993,2.3933892,3.6916776
ASHGV40034863,0.022671816,0.949757248,3.8463165,up,protein_coding,NM_001136053,TPRA1,RefSeq,1964,chr3,-,127291906,127309602,TCTCATACTGCTCAGTGACATGGCCCAGGCTTTCCTTCCAGGGCCATGCTTGGCAAGGTT,131601,Hs.6418,GO:0004930|GO:0006629|GO:0007186|GO:0007568|GO:0016021,"transmembrane protein, adipocyte asscociated 1",6262.03215,1910.098833,12.639572,10.696095,6427.12,6096.9443,1564.21,2758.63,1407.4565,12.577835,12.70131,10.397065,11.385261,10.305959
ASHGV40034847,0.00619006,0.949757248,2.345661,up,protein_coding,NM_001008487,SLC41A3,RefSeq,2270,chr3,-,125725199,125775618,TAGAATTTCCTCTCACATCAGTGGGATACAGAATTCAGTTTCTCCCTTGCCAGGTCCTTG,54946,Hs.573007,GO:0005515|GO:0005886|GO:0008324|GO:0016021|GO:0098655,solute carrier family 41 member 3,2266.0583,1090.239933,11.162554,9.93256,2555.1055,1977.0111,945.0706,1083.39,1242.2592,11.237383,11.087726,9.693077,9.961314,10.143289
ASHGV40055403,0.001456242,0.724125163,4.7923707,up,protein_coding,NM_001101357,CCDC160,RefSeq,1299,chrX,+,133371076,133379808,CTATGCTTCTTCAATGGTAACATCATCAAGTATCCTTGACCACTTTACTGGGGATTTTTT,347475,Hs.679431,,coiled-coil domain containing 160,23.654023,5,4.588033,2.327294,32.338795,14.969252,4.9999995,4.9999995,4.9999995,4.8545623,4.321504,2.3299296,2.3229036,2.3290477
ASHGV40005904,0.005002192,0.916958739,19.1325458,up,protein_coding,NM_207373,C10orf99,RefSeq,835,chr10,+,85933553,85945050,CCTCCTGACATGAGTCTGCTGGAAAGAGCATCCAAACAAACAAGTAATAAATAAATAAAT,387695,Hs.298713,GO:0005125|GO:0005576|GO:0005615|GO:0050830|GO:0050832|GO:0051782|GO:1902807,chromosome 10 open reading frame 99,100.168472,5.35466,6.615749,2.357792,64.934494,135.40245,4.9999995,6.063981,4.9999995,5.8507442,7.3807535,2.3299296,2.4143984,2.3290477
ASHGV40028830,0.003973926,0.885649621,2.296849,up,protein_coding,NM_002354,EPCAM,RefSeq,1731,chr2,+,47596286,47614167,TTTGGTGATGAAGGCAGAAATGAATGGCTCAAAACTTGGGAGAAGAGCAAAACCTGAAGG,4072,Hs.542050,GO:0001657|GO:0005515|GO:0005886|GO:0005923|GO:0008284|GO:0009986|GO:0016021|GO:0016323|GO:0016324|GO:0016328|GO:0023019|GO:0032403|GO:0043066|GO:0045944|GO:0048863|GO:0070062|GO:0098609|GO:0098641|GO:2000048|GO:2000147|GO:2000648,epithelial cell adhesion molecule,6176.9325,3026.5879,12.61611,11.416454,6493.921,5859.944,2942.324,3253.3005,2884.1392,12.592236,12.639983,11.319664,11.6442175,11.285479
ASHGV40028887,0.039307176,0.949757248,2.1897793,up,protein_coding,uc021vhz.2,FLJ30838,UCSC_knowngene,3561,chr2,+,59152745,59290901,AAAGCTGACCGAGGAAGTCAAAATGAAAGAAAGAAGCAGACAGGACTGAGGCTCCCTGAG,400955,Hs.503210,,long intergenic non-protein coding RNA 1122,23.015445,12.31464,4.651387,3.520602,22.280214,23.750677,14.423409,12.084931,10.435579,4.330581,4.972193,3.8407974,3.2743628,3.4466443
ASHGV40013783,0.01046495,0.949757248,2.8318844,up,protein_coding,NM_001001673,RNASE9,RefSeq,1068,chr14,-,21024251,21029090,ATACTATAAATGATCTCGTGGAGCCACCTGAACACAGAAGTTTCCTCAGTGAGGATGGTG,390443,Hs.533972,GO:0003676|GO:0004519|GO:0004540|GO:0004540|GO:0005576,"ribonuclease, RNase A family, 9 (non-active)",14.019436,5,3.829056,2.327294,20.071186,7.9676867,4.9999995,4.9999995,4.9999995,4.179626,3.478486,2.3299296,2.3229036,2.3290477
ASHGV40019271,0.001475034,0.724125163,2.0699984,up,protein_coding,NM_014187,TMEM208,RefSeq,808,chr16,+,67261015,67263182,AGCGTTCTCTGAGGATGGGGCCCTGATGGATGGTGGCATGGACCTCAACATGGAGCAGGG,29100,Hs.433203,GO:0005773|GO:0005789|GO:0006624|GO:0006914|GO:0016021,transmembrane protein 208,19324.145,10249.68367,14.235719,13.186089,21153.37,17494.92,9776.608,9092.121,11880.322,14.286182,14.185256,13.094215,13.150953,13.3131
ASHGV40006635,0.022152672,0.949757248,2.216265,up,protein_coding,uc001mgo.3,BC068088,UCSC_knowngene,767,chr11,-,8693132,8701271,GAATCTGTGAGACAGAGTGAATCCTCTTGATGCCTAATATATCTGTTTTGTAAGCTGGAA,,,,,131.226985,66.975105,7.106103,5.957972,129.1858,133.26817,78.04787,61.34386,61.533585,6.855383,7.3568225,6.162465,5.682596,6.028856
ASHGV40053323,0.00324776,0.837927123,2.3694932,up,protein_coding,NM_001859,SLC31A1,RefSeq,4797,chr9,+,115983807,116026772,GGGGGTGACGGGTTAAGATTCGGAGAGAGAGGTGCTAGTGGCTGGACTTGACCTGGAAAG,1317,Hs.532315,GO:0005375|GO:0005770|GO:0005886|GO:0005887|GO:0006825|GO:0006855|GO:0006878|GO:0015088|GO:0035434|GO:0043025|GO:0055037|GO:0055085|GO:0072719|GO:1902861,"solute carrier family 31 (copper transporter), member 1",588.562195,277.431643,9.244509,7.99993,629.13965,547.98474,278.64307,323.98148,229.67038,9.170038,9.31898,7.945115,8.198933,7.8557434
ASHGV40050556,0.015941925,0.949757248,30.5366508,up,protein_coding,NM_020130,C8orf4,RefSeq,1841,chr8,+,40010986,40012827,TTAGAGTCTGAGTGATGACCAAGATTCTGTGTGTTACTACTGTTTGTTTAATAGGAACAA,56892,Hs.591849,GO:0002264|GO:0005112|GO:0005515|GO:0005634|GO:0005730|GO:0005737|GO:0006915|GO:0016607|GO:0034605|GO:0042346|GO:0043620|GO:0045746|GO:1902806|GO:1903706,chromosome 8 open reading frame 4,240.662776,5.426562,7.295288,2.362818,433.5646,47.760952,4.9999995,6.279686,4.9999995,8.634628,5.9559474,2.3299296,2.429476,2.3290477
ASHGV40022736,0.002592969,0.833997191,8.7692326,up,protein_coding,NM_001085474,LYPD8,RefSeq,1205,chr1,-,248902716,248903151,TCTCCAGGCAATGCCGACAGCTGCCTTGTTCTTCATTATTAAAGCACTGGTTCATTCACT,646627,Hs.146268,GO:0005886|GO:0031225,LY6/PLAUR domain containing 8,77.330807,9.84446,6.328338,3.195888,95.674866,58.986748,10.17791,8.23223,11.1232395,6.416026,6.240651,3.3464053,2.6993625,3.5418959
ASHGV40039668,4.53E-05,0.281838047,10.0483037,up,protein_coding,NM_170710,WDR17,RefSeq,7529,chr4,+,176986984,177103979,GACTGGATCAAATCTTCCAAGTCATTCTGATATTCACATTTCTTGTCTTACGGGATTAAA,116966,Hs.532056,,WD repeat domain 17,48.585835,5,5.656174,2.327294,61.747463,35.424206,4.9999995,4.9999995,4.9999995,5.7785597,5.5337877,2.3299296,2.3229036,2.3290477
ASHGV40016441,0.036671209,0.949757248,2.5217187,up,protein_coding,NM_001284417,LYSMD4,RefSeq,2721,chr15,-,100267605,100273649,GGCCTTGGAGTTCCATGACAAAATCACTTTTGTCAGACAAAGAATGTATCCTTTACTTTT,145748,Hs.562568,GO:0016021,"LysM, putative peptidoglycan-binding, domain containing 4",3926.9717,1710.686533,11.915511,10.581104,2898.857,4955.0864,1803.0731,1603.3572,1725.6293,11.420368,12.410654,10.613828,10.53541,10.594073
ASHGV40010650,0.023288627,0.949757248,6.69853,up,protein_coding,NM_017899,TESC,RefSeq,1039,chr12,-,117476727,117537251,GCTCGTCTGCGCACCTTGTGTCTTGTAGGGTATGGTATGTGGGACTTCGCTGTTTTTATC,54997,Hs.525709,GO:0000287|GO:0001726|GO:0004860|GO:0005509|GO:0005515|GO:0005634|GO:0005634|GO:0005654|GO:0005737|GO:0005886|GO:0008285|GO:0008584|GO:0010628|GO:0019212|GO:0030027|GO:0030219|GO:0030854|GO:0032417|GO:0032587|GO:0033628|GO:0042803|GO:0045654|GO:0045893|GO:0050821|GO:0051604|GO:0071300|GO:0072661|GO:1904030,tescalcin,810.984665,143.876292,9.646626,6.902782,1074.254,547.71533,243.13316,86.566795,101.92892,9.975543,9.31771,7.7640996,6.2040596,6.7401867
ASHGV40029626,0.038686541,0.949757248,2.2738592,up,protein_coding,NM_177964,LYPD6B,RefSeq,1600,chr2,+,149894980,150071772,TGATTACTCTGAGTGCAAACCTTTTCACTGTTCCAGAGAGGAGCCTGACAACCACATTCT,130576,Hs.357567,GO:0005886|GO:0031225,LY6/PLAUR domain containing 6B,180.44845,86.631857,7.480924,6.295781,243.01715,117.87975,82.29176,117.56059,60.04322,7.7790675,7.1827803,6.230168,6.661709,5.995466
ASHGV40018506,0.006888164,0.949757248,2.2332357,up,protein_coding,NM_023933,FAM173A,RefSeq,881,chr16,+,771141,772590,TCCCGGGGGGCCTTATTTCTCAGGCCAGCTGAGTATTAGACACGATAAAGACTCTGTGGG,65990,Hs.166244,GO:0016021,family with sequence similarity 173 member A,29160.962,13632.93483,14.783923,13.624787,35701.27,22620.654,14657.289,12114.2295,14127.286,15.011818,14.556028,13.6805525,13.610617,13.583193
ASHGV40026418,0.04843925,0.949757248,3.0869799,up,protein_coding,NM_001002006,NT5C1B,RefSeq,2898,chr2,-,18744136,18770846,GCCACTTCTTTTGGCTCTCTAGGATAATTAGATAGGTATTTCAGAAAATTGGACCTTAAA,93034,Hs.744358,GO:0000166|GO:0000287|GO:0005634|GO:0005829|GO:0006144|GO:0006195|GO:0006470|GO:0008253|GO:0044281|GO:0055086,"5'-nucleotidase, cytosolic IB",29.399943,11.340437,4.924767,3.298571,38.960835,19.839052,16.322628,11.055139,6.6435432,5.132559,4.716975,4.0086756,3.1348774,2.7521598
ASHGV40028071,0.03236841,0.949757248,2.3255398,up,protein_coding,NM_017521,FEV,RefSeq,1901,chr2,-,219845808,219850379,ACAAGAACATCATGAGCAAGGTGCATGGCAAGCGCTACGCCTACCGCTTCGACTTCCAGG,54738,Hs.234759,GO:0000981|GO:0003690|GO:0003700|GO:0003714|GO:0005634|GO:0006357|GO:0006366|GO:0030154|GO:0042551|GO:0043565|GO:0045893|GO:0048665|GO:1903507,FEV (ETS oncogene family),11.826056,5,3.544859,2.327294,17.535927,6.116185,4.9999995,4.9999995,4.9999995,3.9766068,3.1131117,2.3299296,2.3229036,2.3290477
ASHGV40017823,0.032181953,0.949757248,2.0330685,up,protein_coding,NM_006319,CDIPT,RefSeq,1928,chr16,-,29869676,29874609,ATCGCCTTGCTGAAGTCGCTCATCAGCGTCATCCACCTGATCACGGCCGCCCGCAACATG,10423,Hs.121549,GO:0000139|GO:0003881|GO:0003881|GO:0005515|GO:0005789|GO:0005794|GO:0005886|GO:0006644|GO:0006661|GO:0006661|GO:0016020|GO:0016021|GO:0019992|GO:0030145|GO:0030246|GO:0043178|GO:0044281|GO:0046341|GO:0046474,CDP-diacylglycerol--inositol 3-phosphatidyltransferase,855.919075,466.665987,9.764833,8.741174,751.46155,960.3766,429.56104,492.20947,478.22745,9.434019,10.095646,8.572052,8.808616,8.842853
ASHGV40056435,0.012350433,0.949757248,2.2782938,up,protein_coding,NM_004066,CETN1,RefSeq,1699,chr18,+,580342,582020,GAATGAGAGCGCGGGGCGGTGCCGTTGGGACCACGGCGGCCAGAGCGGCAGGATGGCTTC,1068,Hs.122511,GO:0000922|GO:0005509|GO:0005515|GO:0005813|GO:0005813|GO:0005814|GO:0007067|GO:0008017|GO:0031683|GO:0032391|GO:0032795|GO:0034605|GO:0051301,centrin 1,50.467761,24.37517,5.707923,4.51997,64.70478,36.230743,27.963774,23.04344,22.118296,5.846677,5.56917,4.756132,4.242086,4.561691
ASHGV40006827,0.006969687,0.949757248,18.6233379,up,protein_coding,NM_001142315,LMO2,RefSeq,1605,chr11,-,33880122,33891509,TTAGACACCTTCATTTTGAGGGGAGGAGTTCCACAGATTGTTTCTATACAAATATAAATC,4005,Hs.34560,GO:0000977|GO:0000981|GO:0001102|GO:0001190|GO:0001228|GO:0003682|GO:0005515|GO:0005634|GO:0005667|GO:0007275|GO:0008270|GO:0035162|GO:0042789|GO:0043425|GO:0045944|GO:0048037|GO:0070888|GO:0097067,LIM domain only 2,802.2547,52.228345,9.660895,5.441855,680.09375,924.41565,88.42088,38.770283,29.493872,9.284432,10.037357,6.3254805,5.0110497,4.989034
ASHGV40052862,0.044482314,0.949757248,3.2112811,up,protein_coding,NM_001012421,ANKRD20A2,RefSeq,3511,chr9,+,42368302,42411410,GAACCAACTGTTCAGTCACTAGAGATGAAATCAAAGACTGCAAGAAATACTCCAAATCGG,441430,,,ankyrin repeat domain 20 family member A2,137.73455,52.661277,7.179215,5.496066,143.9698,131.4993,64.94814,68.09815,24.937542,7.021016,7.337414,5.9048753,5.846215,4.7371078
ASHGV40015217,0.003237374,0.837927123,2.365591,up,protein_coding,NM_015072,TTLL5,RefSeq,4773,chr14,+,76127550,76421425,CAAACCCCCACCCAACCACGAACAAGTGCTCAGAAGGGCAACATCCCAGAAAGCTTCCAA,23093,Hs.709609,GO:0005634|GO:0005737|GO:0005813|GO:0005929|GO:0006351|GO:0007288|GO:0009566|GO:0016874|GO:0018095|GO:0030317,tubulin tyrosine ligase like 5,18934.077,8743.822,14.204942,12.962742,18842.629,19025.525,9038.721,9017.272,8175.473,14.119843,14.290042,12.97024,13.131435,12.7865505
ASHGV40043516,0.023529393,0.949757248,2.5091905,up,protein_coding,NM_001012974,LRRC73,RefSeq,1805,chr6,-,43474702,43478081,TGAACTTGGCAGCTCTGGCTGCAACCCGCTGGCTCGGAAAAGATTTTATGAACTCCACAA,221424,Hs.445552,,leucine rich repeat containing 73,828.52493,366.473997,9.713489,8.386266,714.98376,942.0661,328.1426,364.96103,406.31836,9.360689,10.066288,8.178331,8.3608055,8.619663
ASHGV40010093,0.008454238,0.949757248,2.5714701,up,protein_coding,NM_013251,TAC3,RefSeq,841,chr12,-,57403780,57410344,TCTTCAAAAGCCACTCATCTCTGGAGGGATTGCTCAAAGCCCTGAGCCAGGCTAGCACAG,6866,Hs.9730,GO:0005102|GO:0005515|GO:0005576|GO:0005615|GO:0007217|GO:0007218|GO:0007565|GO:0070062,tachykinin 3,14.19911,6.665153,3.951041,2.588448,15.84898,12.549241,5.691371,9.304088,4.9999995,3.8239956,4.0780864,2.5755382,2.8607569,2.3290477
ASHGV40052124,0.034549599,0.949757248,3.5137415,up,protein_coding,NM_001004482,OR13C5,RefSeq,957,chr9,-,107360737,107361694,TCTCAAGAGACACTTAATTCAGATGACTTGGATGCCACTGACAAACTTATATTCATATTC,138799,Hs.553598,GO:0004930|GO:0004984|GO:0005886|GO:0007186|GO:0016021|GO:0050911,olfactory receptor family 13 subfamily C member 5,21.228975,5.518165,4.263859,2.450851,33.514374,8.943577,6.028161,5.526336,4.9999995,4.901761,3.6259575,2.641401,2.3821049,2.3290477
ASHGV40026422,0.00793891,0.949757248,2.4254776,up,protein_coding,NM_001008237,TTC32,RefSeq,838,chr2,-,20096513,20101744,TAGCACTGAAAGTTAAATAGTGTGTTTAAGGTAGTTAATTTCAGGTTGAATGGGTTTTTT,130502,Hs.591547,GO:0005515|GO:0042802,tetratricopeptide repeat domain 32,7210.01975,3362.122333,12.829417,11.551148,7682.54,6737.4995,2881.8237,3002.2183,4202.325,12.83449,12.824343,11.292231,11.52933,11.831882
ASHGV40023153,0.002687556,0.835054634,2.1566315,up,protein_coding,NM_014214,IMPA2,RefSeq,1537,chr18,+,11981426,12030885,GCGATGCTCATAGCTCAGGCCTTACAGACGATTAACTATGGGCGGGATGATGAGAAGTGA,3613,Hs.743311,GO:0000287|GO:0005515|GO:0005737|GO:0005829|GO:0006020|GO:0006021|GO:0006470|GO:0006470|GO:0006470|GO:0006796|GO:0007165|GO:0008934|GO:0042803|GO:0043647|GO:0044281|GO:0046854|GO:0046855|GO:0052832|GO:0052833,inositol(myo)-1(or 4)-monophosphatase 2,13778.117,7135.541933,13.756876,12.648096,14346.788,13209.446,7919.4434,6936.4014,6550.781,13.725294,13.788458,12.751688,12.726342,12.466259
ASHGV40016842,0.003342288,0.842572832,2.0089129,up,protein_coding,NM_004855,PIGB,RefSeq,2227,chr15,+,55611132,55647846,GAGTTTCATGATGATGCATCATTGCCTACTCACTTGATCACCTTCAGCATTTTGGAAGAG,9488,Hs.612814,GO:0000030|GO:0005789|GO:0005789|GO:0006501|GO:0006506|GO:0016021|GO:0016254|GO:0043687|GO:0044267|GO:0097502,phosphatidylinositol glycan anchor biosynthesis class B,3374.8155,1873.874767,11.72528,10.718865,3821.568,2928.063,1851.4413,1983.8552,1786.3278,11.814127,11.636433,10.649374,10.86904,10.638181
ASHGV40053697,0.032600774,0.949757248,3.0234796,up,protein_coding,ENST00000361390,MT-ND1,GENCODE,956,chrM,+,3305,4261,TTACCGAACGAAAAATTCTAGGCTATATACAACTACGCAAAGGCCCCAACGTTGTAGGCC,4535,,,"NADH dehydrogenase, subunit 1 (complex I)",16916.573,6320.296333,14.038538,12.442328,15291.912,18541.234,5530.6206,8455.763,4974.5054,13.820114,14.256962,12.2295475,13.039141,12.058296
ASHGV40031254,0.03276754,0.949757248,2.0257283,up,protein_coding,NM_139321,ATRN,RefSeq,8658,chr20,+,3451664,3631769,CACCCAAATATCACTTTCTTTGTTTATGTCAGTAATTTCACCTGGCCCATCAAAATTCAG,8455,Hs.276252,GO:0004872|GO:0005615|GO:0005737|GO:0005886|GO:0005887|GO:0006954|GO:0006979|GO:0021549|GO:0030246|GO:0040014|GO:0042552|GO:0043473|GO:0070062,attractin,3077.18245,1751.435067,11.598304,10.579863,3449.3289,2705.036,1471.7806,1507.0876,2275.437,11.668545,11.528063,10.31403,10.441224,10.984336
ASHGV40054490,0.000746506,0.655509407,5.4402397,up,protein_coding,NM_012317,LDOC1,RefSeq,1470,chrX,-,140269930,140271399,AGCCCCATCCTAGGTGATTACCGGGCCTTCCTCGATGAGATGAAACAGTGCTTTGGCTGG,23641,Hs.45231,GO:0005515|GO:0005634|GO:0005730|GO:0008285,"leucine zipper, down-regulated in cancer 1",106.63416,21.4929,6.791572,4.347902,128.60042,84.6679,18.819553,22.878819,22.780327,6.846848,6.7362967,4.206547,4.2320824,4.605077
ASHGV40018548,0.01709018,0.949757248,2.0657739,up,protein_coding,NM_031208,FAHD1,RefSeq,1684,chr16,+,1877224,1878908,TATTATCTTGACTGGGACGCCAAAGGGAGTTGGACCGGTTAAAGAAAACGATGAGATCGA,81889,Hs.513265,GO:0005654|GO:0005737|GO:0005739|GO:0005743|GO:0005829|GO:0008152|GO:0008948|GO:0018773|GO:0034545|GO:0046872|GO:0047621,fumarylacetoacetate hydrolase domain containing 1,3696.40405,2065.076567,11.867539,10.820856,3989.2048,3403.6033,2314.479,1554.7456,2326.0051,11.87771,11.857367,10.967165,10.4850235,11.01038
ASHGV40006033,0.024528627,0.949757248,2.0329776,up,protein_coding,NM_004088,DNTT,RefSeq,2071,chr10,+,98064084,98098321,TATGCCACACATGAGCGGAAGATGATTCTGGATAACCATGCTTTATATGACAAGACCAAG,1791,Hs.534206,GO:0003677|GO:0003887|GO:0003912|GO:0005515|GO:0005634|GO:0005654|GO:0005737|GO:0006259|GO:0006304|GO:0046872|GO:0071897,DNA nucleotidylexotransferase,10.716337,5.778919,3.537412,2.513817,13.244819,8.187854,7.336757,4.9999995,4.9999995,3.5640697,3.5107536,2.8895006,2.3229036,2.3290477
ASHGV40015781,0.049114372,0.949757248,2.0816144,up,protein_coding,NM_173500,TTBK2,RefSeq,5635,chr15,-,43036541,43213007,AAACCACCCTTGGGAACTGGATGCCTGTGTAGCTGTTCTACCATATCAGTGTATTGCAAT,146057,Hs.646511,GO:0004674|GO:0005515|GO:0005524|GO:0005615|GO:0005634|GO:0005737|GO:0005814|GO:0005829|GO:0005829|GO:0006996|GO:0007224|GO:0008360|GO:0018105|GO:0035869|GO:0036064|GO:0042384,tau tubulin kinase 2,483.8548,266.493397,8.973225,7.915522,492.0699,475.6397,239.47122,220.23892,339.77005,8.810802,9.135647,7.744873,7.616499,8.385193
ASHGV40014615,0.008255769,0.949757248,2.2682976,up,protein_coding,NM_207308,NUP210L,RefSeq,5913,chr1,-,153965167,154127592,CTTCTACATTAAGTTTCCAGATAAGGCTTCTGAGAACTATAAATAAAGCATCCTAAGCTG,91181,Hs.67639,GO:0007286|GO:0016021|GO:0060009,nucleoporin 210kDa like,30.569128,15.342307,5.041359,3.859749,34.20252,26.935736,13.942572,15.783878,16.30047,4.928101,5.1546173,3.7900295,3.6759336,4.1132846
ASHGV40022593,0.000546912,0.614539173,2.5945704,up,protein_coding,NM_000271,NPC1,RefSeq,4827,chr18,-,21111462,21166581,AGTTGACTTGGGAAGCAGTATTACTAGATCTGGAGGCAACCACAGGACACTAAACTTCTC,4864,Hs.715623,GO:0004872|GO:0004888|GO:0005515|GO:0005576|GO:0005635|GO:0005764|GO:0005765|GO:0005783|GO:0005794|GO:0005887|GO:0006486|GO:0006897|GO:0006914|GO:0007041|GO:0007165|GO:0007165|GO:0007628|GO:0008158|GO:0008203|GO:0008206|GO:0015248|GO:0015485|GO:0016020|GO:0016021|GO:0016242|GO:0030301|GO:0031579|GO:0031902|GO:0033344|GO:0042493|GO:0042632|GO:0042632|GO:0045121|GO:0046686|GO:0046718|GO:0048471|GO:0060548|GO:0070062|GO:0071383|GO:0071404|GO:0090150|GO:2000189,"Niemann-Pick disease, type C1",11509.1285,4947.965667,13.494793,12.119297,12378.326,10639.931,4686.3286,4726.0684,5431.5,13.507849,13.481737,11.986241,12.174745,12.196906
ASHGV40042372,0.001739842,0.772799439,2.5328202,up,protein_coding,NM_003101,SOAT1,RefSeq,6938,chr1,+,179262848,179327814,ACATATGTTGTGTTAGCATATACACTGCCACCAGCTTCCCGGTTCATCATTATATTCGAG,6646,Hs.445588,GO:0000062|GO:0004772|GO:0004772|GO:0005515|GO:0005783|GO:0005789|GO:0008203|GO:0008203|GO:0010742|GO:0010742|GO:0010742|GO:0010878|GO:0015485|GO:0016020|GO:0016021|GO:0033344|GO:0034379|GO:0034435|GO:0034435|GO:0034736|GO:0034736|GO:0042632|GO:0042986,sterol O-acyltransferase 1,1006.326525,440.777327,9.997765,8.657021,1173.8093,838.84375,483.26215,399.97723,439.0926,10.097317,9.898214,8.7464075,8.501421,8.723234
ASHGV40032468,3.80E-05,0.281838047,8.8013392,up,protein_coding,NM_024944,CHODL,RefSeq,2625,chr21,+,19617149,19639687,AGCCTTATCTTACAAATCAACCAGGAGACACCCATCAGAATGTGGTTGTTACTGAAGCAG,140578,Hs.283725,GO:0005540|GO:0005737|GO:0007517|GO:0010975|GO:0016021|GO:0030246|GO:0048471,chondrolectin,42.353594,5,5.465017,2.327294,53.45583,31.251358,4.9999995,4.9999995,4.9999995,5.573745,5.3562884,2.3299296,2.3229036,2.3290477
ASHGV40031862,0.03713587,0.949757248,2.4822117,up,protein_coding,NM_198976,NELFCD,RefSeq,2320,chr20,+,57556262,57570188,CTTATACCTCTGACTTCGTGCAACTTTTCCTCCCCATCCTGGAGAATGACAGCATCGCAG,51497,Hs.517148,GO:0005515|GO:0005654|GO:0006366|GO:0006368|GO:0010467|GO:0016020|GO:0016032|GO:0032021|GO:0045892|GO:0050434,negative elongation factor complex member C/D,9500.7577,4365.2316,13.200193,11.888567,11055.554,7945.9614,3161.253,3864.8018,6069.64,13.34546,13.054927,11.418687,11.890795,12.35622
ASHGV40008484,0.019213096,0.949757248,2.978302,up,protein_coding,NM_006138,MS4A3,RefSeq,1665,chr11,+,59824100,59838588,TGCGTAACCATCTCTACCATAGCCATGTGGTGCAATGCAAACTGCTGTAATTCAAGAGAG,932,Hs.99960,GO:0005515|GO:0012505|GO:0016021|GO:0048471|GO:0051726,"membrane-spanning 4-domains, subfamily A, member 3 (hematopoietic cell-specific)",16.914462,5.414783,4.057559,2.483069,24.841785,8.987139,5.0705824,4.9999995,6.173766,4.483415,3.6317024,2.4657686,2.3229036,2.6605337
ASHGV40046863,0.048929398,0.949757248,2.2280859,up,protein_coding,NM_001289933,ZASP,RefSeq,737,chr7,-,100171657,100172356,GTGGAAGGACCGCGGGTGTCGCAGGTGTCGTGTCAGCCGCAATAAACAGAAGCCAGAAGC,101927655,,,ZO-2 associated speckle protein,4048.09315,2045.2593,11.950427,10.794623,5204.2007,2891.9856,1656.4502,1809.5101,2669.8176,12.28211,11.618745,10.48712,10.719624,11.177124
ASHGV40049759,0.000157502,0.38256501,128.5832877,up,protein_coding,NM_001146,ANGPT1,RefSeq,4338,chr8,-,108261709,108510254,TGAGCTTGCTGTGCTTCAAACTACTACTGGACCTTATTTTGGAACTATGGTAGCCAGATG,284,Hs.369675,GO:0001701|GO:0001933|GO:0001936|GO:0002040|GO:0002092|GO:0002740|GO:0005515|GO:0005576|GO:0005615|GO:0005886|GO:0005902|GO:0007162|GO:0007171|GO:0007596|GO:0010595|GO:0014068|GO:0014842|GO:0030097|GO:0030154|GO:0030210|GO:0030971|GO:0031398|GO:0031589|GO:0032680|GO:0033138|GO:0034394|GO:0042308|GO:0043066|GO:0043116|GO:0043122|GO:0043393|GO:0043524|GO:0043536|GO:0045121|GO:0045785|GO:0048014|GO:0050731|GO:0050900|GO:0050918|GO:0051897|GO:0070062|GO:0070374|GO:0072012|GO:2000352|GO:2000446,angiopoietin 1,729.64977,6.628391,9.545371,2.538812,734.93164,724.3679,4.9999995,9.885173,4.9999995,9.399454,9.691289,2.3299296,2.9574592,2.3290477
ASHGV40056935,0.008489183,0.949757248,3.2819312,up,protein_coding,NM_001136152,ALG1L2,RefSeq,969,chr3,+,129800673,129817233,GGGAGTATTACAGCCGCCTCATCCACCAGAAGCATTTCCAGCACATCCAGGTCTGCATCC,644974,Hs.722197,GO:0008152|GO:0016757,"ALG1, chitobiosyldiphosphodolichol beta-mannosyltransferase-like 2",3776.0974,1281.508433,11.86756,10.153015,4670.813,2881.3818,1234.5248,1530.6436,1079.3569,12.119792,11.615328,10.06604,10.458738,9.934267
ASHGV40031987,0.001001402,0.663539841,19.9176882,up,protein_coding,NM_182484,BAGE5,RefSeq,1840,chr21,-,11020841,11098925,CATACTTTTTGTCTTCAACGAATTATGAAATCTGTACCAACCAACGGCTGGAAATGCAAA,85316,,GO:0005576,B melanoma antigen family member 5,904.36905,46.228891,9.753343,5.437365,1264.5548,544.1833,44.571224,52.844273,41.271175,10.198314,9.308373,5.374823,5.468915,5.4683576
ASHGV40053882,0.041139441,0.949757248,4.6448542,up,protein_coding,NM_031894,FTHL17,RefSeq,830,chrX,-,31089357,31090170,GCCCTTTCAGAACGTTCTCTTCAGTTTTATCTTTCAGTTTTACCATTGTTAGCAAAAAAG,53940,Hs.333125,GO:0005623|GO:0006826|GO:0006879|GO:0008199,"ferritin, heavy polypeptide-like 17",41.630547,11.722916,5.488364,3.27273,44.748238,38.512856,4.9999995,19.2184,10.950349,5.320176,5.656551,2.3299296,3.9685705,3.5196905
ASHGV40022445,0.026904282,0.949757248,62.6653541,up,protein_coding,NM_173464,L3MBTL4,RefSeq,3604,chr18,-,5954704,6414910,TTTGTTTGTTTTGCTTTTTGTAGACTGCCATGTGCAAGTAAAATTCCTGCTTCTGCCATG,91133,Hs.128279,GO:0003700|GO:0005515|GO:0005634|GO:0006351|GO:0006355|GO:0008270|GO:0016568,l(3)mbt-like 4 (Drosophila),636.10466,5.732467,8.406116,2.436519,97.20372,1175.0056,4.9999995,6.8217463,5.3756537,6.436508,10.375723,2.3299296,2.4815955,2.498033
ASHGV40054973,0.041368685,0.949757248,3.5919527,up,protein_coding,NM_007003,PAGE4,RefSeq,563,chrX,+,49593905,49598637,AAGAGGAACCACCAACTGACAATCAGGATATTGAACCTGGACAAGAGAGAGAAGGAACAC,9506,Hs.441038,GO:0003674|GO:0005575|GO:0008150,PAGE family member 4,23.405631,6.563043,4.489483,2.644714,34.75083,12.0604315,9.689131,4.9999995,4.9999995,4.9522886,4.026677,3.282192,2.3229036,2.3290477
ASHGV40049777,0.00215244,0.785907619,27.430617,up,protein_coding,NM_014379,KCNV1,RefSeq,2944,chr8,-,110979232,110986959,GCAAATGTTCAAACTTTGCAGGCATTTTGACATTCATCATAACAACACAATTCCTAGACA,27012,Hs.13285,GO:0005251|GO:0005886|GO:0005887|GO:0006813|GO:0007268|GO:0008076|GO:0008200|GO:0015459|GO:0034765|GO:0051260|GO:0071805,"potassium channel, voltage gated modifier subfamily V, member 1",137.96022,5,7.105009,2.327294,98.99367,176.92677,4.9999995,4.9999995,4.9999995,6.4615602,7.7484574,2.3299296,2.3229036,2.3290477
ASHGV40052898,0.032501263,0.949757248,3.1149673,up,protein_coding,NM_032250,ANKRD20A1,RefSeq,3511,chr9,+,67926760,67969840,GAACCAACTGTTCAGTCACTAGAGATGAAATCAAAGACTGCAAGAAATACTCCAAATTGG,84210,Hs.632671,GO:0005886,ankyrin repeat domain 20 family member A1,125.538127,48.407022,7.041593,5.402376,132.20468,118.871574,64.34707,55.023926,25.850069,6.885997,7.1971884,5.891284,5.5260067,4.7898364
ASHGV40008334,0.002232812,0.785907619,2.010605,up,protein_coding,NM_016142,HSD17B12,RefSeq,2556,chr11,+,43702142,43878169,TAAGCATTGATAACTGCATTGTAACTTGGCCAGATGCTCCAGCATATGCACGTTCACTGC,51144,Hs.132513,GO:0001968|GO:0004303|GO:0005515|GO:0005518|GO:0005578|GO:0005789|GO:0006633|GO:0006703|GO:0008201|GO:0010811|GO:0016021|GO:0019432|GO:0030198|GO:0035338|GO:0044255|GO:0044281|GO:0055114,hydroxysteroid (17-beta) dehydrogenase 12,31547.504,16820.50467,14.936512,13.928883,31164.215,31930.793,16824.451,14545.183,19091.88,14.815471,15.057554,13.8973875,13.885569,14.003692
ASHGV40035340,0.003609293,0.875128938,3.1741704,up,protein_coding,uc003fma.1,AX746590,UCSC_knowngene,2607,chr3,-,183521771,183524378,AAAGGAGATGGATTAGGAGTCTTCAAAGAAGAAATGATGCTGAGCAGGGACTCCTGAGTG,,,,,16.278709,5.851617,4.083805,2.417425,21.87711,10.680309,4.9999995,7.554853,4.9999995,4.3042645,3.863345,2.3299296,2.5932982,2.3290477
ASHGV40056802,3.08E-08,0.000574281,2.5224234,up,protein_coding,NM_001187,BAGE,RefSeq,1004,chr21,-,11057795,11098937,GCTCCTGAAAGATGTAAGTTTACTACGCATAGACTTTTAAACTTCAACCAATGTGTTTAC,574,Hs.545789,GO:0005576,B melanoma antigen,11.735539,5,3.662104,2.327294,14.279061,9.192018,4.9999995,4.9999995,4.9999995,3.6640902,3.660118,2.3299296,2.3229036,2.3290477
ASHGV40033436,0.009601631,0.949757248,160.625459,up,protein_coding,ENST00000434783,FAM230A,GENCODE,8854,chr22,+,20692437,20716938,AGGGCATCGCTAACGAGGTCGCCATCCACAGCATCGCTATCGAGGACACCACACCGTCCA,653203,,,family with sequence similarity 230 member A,4284.93465,17.749724,11.367729,4.040173,922.5483,7647.321,21.612299,18.078304,13.558568,9.738552,12.996907,4.400793,3.8765569,3.8431683
